Motor Name,Kv,Max Watts,Max RPM,Timing,Switching Frequency,Poles,Idle Current,__Idle Voltage,Resistance,Weight,Length Metric,Diameter Metric,Shaft Diameter,Link,Length*Diam,Length*Diam^2,Length*Diam*Kv,Length*Diam^2*Kv,Predicted Diam,Diam_pred,,1,Length_pred,,,,,Rm_pred,error%,residuals,,,,,,,,,,,,,,,,,,,,,,,,,,,,,,,,
A05-10S,4200,35,35000,20-25,,12,0.5,,300,8,15,17,2,https://hackermotorusa.com/shop/hacker-brushless-motors/outrunners/a05-10s/,255,4335,1071000,18207000,0.028571429,2.938020072E+01,35,5.49239E-08,32.71458133,2.823910210E+04,3.541189081E-05,,,3.100479439E+02,0.033493146,1.004794385E+01,,,1.25779E+16,,Kv,1,1,,,,,,,,,,,,,,,,,,,,,,,,,
A05-13S,3200,35,35000,20-25,,12,0.3,,400,8,15,17,2,https://hackermotorusa.com/shop/hacker-brushless-motors/outrunners/a05-13s/,255,4335,816000,13872000,0.028571429,2.938020072E+01,35,7.20877E-08,32.71458133,2.823910210E+04,3.541189081E-05,,,3.100479439E+02,-0.22488014,-8.995205615E+01,,,-2.72742E+11,,Diam,2,2,,,,,,,,,,,,,,,,,,,,,,,,,
A10-12S,2900,55,25000,20-25,8-16,12,1,,185,15,21,21,2,https://hackermotorusa.com/shop/hacker-brushless-motors/outrunners/a10-12s/,441,9261,1278900,26856900,0.018181818,2.963010284E+01,55,3.72344E-08,33.40960801,2.933173130E+04,3.409277106E-05,,,2.724442844E+02,0.472671808,8.744428444E+01,,,1886231.1,,Length,1,1.5,,,,,,,,,,,,,,,,,,,,,,,,,
A10-15S,2320,55,25000,20-25,,12,0.63,,289,15,21,21,2,https://hackermotorusa.com/shop/hacker-brushless-motors/outrunners/a10-15s/,441,9261,1023120,21485520,0.018181818,2.963010284E+01,55,4.6543E-08,33.40960801,2.933173130E+04,3.409277106E-05,,,2.724442844E+02,-0.057286213,-1.655571556E+01,,,26.73199527,,Watts,0,0.0125,,,,,,,,,,,,,,,,,,,,,,,,,
A10-13L,1200,90,25000,20-25,,12,0.39,,280,20,25,21,2,https://hackermotorusa.com/shop/hacker-brushless-motors/outrunners/a10-13l/,525,11025,630000,13230000,0.011111111,3.006664804E+01,90,7.55858E-08,34.58182128,3.126208140E+04,3.198763343E-05,,,2.196699256E+02,-0.215464551,-6.033007442E+01,,,,,,,,,,,,,,,,,,,,,,,,,,,,,,,,
A10-7L,2200,75,25000,20-25,,12,1.1,,110,20,25,21,2,https://hackermotorusa.com/shop/hacker-brushless-motors/outrunners/a10-7l/,525,11025,1155000,24255000,0.013333333,2.987967935E+01,75,4.12286E-08,34.08614116,3.043194450E+04,3.286020714E-05,,,2.404996648E+02,1.186360589,1.304996648E+02,,,,,Global,-1,-0.831,,,,,,,,,,,,,,,,,,,,,,,,,
A10-9L,1700,90,25000,20-25,,12,0.72,,180,20,25,21,2,https://hackermotorusa.com/shop/hacker-brushless-motors/outrunners/a10-9l/,525,11025,892500,18742500,0.011111111,3.006664804E+01,90,5.33547E-08,34.58182128,3.126208140E+04,3.198763343E-05,,,2.196699256E+02,0.220388475,3.966992558E+01,,,,,,,,,,,,,,,,,,,,,,,,,,,,,,,,
A20-34 S EVO,1500,140,30000,20-25,,14,0.75,,147,24,29,28,3,https://hackermotorusa.com/shop/hacker-brushless-motors/outrunners/a20-34-s-evo/,812,22736,1218000,34104000,0.007142857,3.068855420E+01,140,2.93221E-08,36.16529154,3.406001440E+04,2.935994061E-05,,,1.653326487E+02,0.124711896,1.833264872E+01,,,,,,,,,,,,,,,,,,,,,,,,,,,,,,,,
A20-50 S EVO,1088,120,30000,20-25,,14,0.4,,232,24,29,28,3,https://hackermotorusa.com/shop/hacker-brushless-motors/outrunners/a20-50-s-evo/,812,22736,883456,24736768,0.008333333,3.044003595E+01,120,4.04257E-08,35.54425091,3.293515320E+04,3.036269465E-05,,,1.846331513E+02,-0.204167451,-4.736684874E+01,,,,,,,,,,,,,,,,,,,,,,,,,,,,,,,,
A20-26 M EVO,1130,170,30000,20-25,,14,0.7,,117,30,42,28,3,https://hackermotorusa.com/shop/hacker-brushless-motors/outrunners/a20-26-m-evo/,1176,32928,1328880,37208640,0.005882353,3.106072104E+01,170,2.68755E-08,37.06747289,3.576152620E+04,2.796301238E-05,,,1.412281147E+02,0.207077903,2.422811466E+01,,,,,,,,,,,,,,,,,,,,,,,,,,,,,,,,
A20-30 M EVO,980,170,30000,20-25,,14,0.6,,174,30,42,28,3,https://hackermotorusa.com/shop/hacker-brushless-motors/outrunners/a20-30-m-evo/,1176,32928,1152480,32269440,0.005882353,3.106072104E+01,170,3.09891E-08,37.06747289,3.576152620E+04,2.796301238E-05,,,1.412281147E+02,-0.188344169,-3.277188534E+01,,,,,,,,,,,,,,,,,,,,,,,,,,,,,,,,
A20-12 L 10 pole EVO,2100,250,30000,20-25,,10,2,,30,50,34,28,3,https://hackermotorusa.com/shop/hacker-brushless-motors/outrunners/a20-12-l-10-pole-evo/,952,26656,1999200,55977600,0.004,3.204958417E+01,250,1.78643E-08,39.31392582,4.038231500E+04,2.476331533E-05,,,9.719003439E+01,2.239667813,6.719003439E+01,,,,,,,,,,,,,,,,,,,,,,,,,,,,,,,,
A20-20 L EVO,1022,250,30000,20-25,,14,0.85,,109,50,34,28,3,https://hackermotorusa.com/shop/hacker-brushless-motors/outrunners/a20-20-l-evo/,952,26656,972944,27242432,0.004,3.204958417E+01,250,3.67074E-08,39.31392582,4.038231500E+04,2.476331533E-05,,,9.719003439E+01,-0.108348308,-1.180996561E+01,,,,,,,,,,,,,,,,,,,,,,,,,,,,,,,,
A20-22 L EVO,924,240,30000,20-25,,14,0.75,,89,50,34,28,3,https://hackermotorusa.com/shop/hacker-brushless-motors/outrunners/a20-22-l-evo/,952,26656,879648,24630144,0.004166667,3.192626120E+01,240,4.06007E-08,39.04505152,3.979808040E+04,2.512684004E-05,,,1.014649005E+02,0.140055062,1.246490055E+01,,,,,,,,,,,,,,,,,,,,,,,,,,,,,,,,
A20-12 XL EVO,1039,300,30000,20-25,,10,1.2,,75,78,40,28,3,https://hackermotorusa.com/shop/hacker-brushless-motors/outrunners/a20-12-xl-evo/,1120,31360,1163680,32583040,0.003333333,3.266497799E+01,300,3.06908E-08,40.6109616,4.333192800E+04,2.307767150E-05,,,7.959578421E+01,0.061277123,4.595784211E+00,,,,,,,,,,,,,,,,,,,,,,,,,,,,,,,,
A20-6 XL 10 pole EVO,2500,400,30000,20-25,,10,3.4,,20,78,40,28,3,https://hackermotorusa.com/shop/hacker-brushless-motors/outrunners/a20-6-xl-10-pole-evo/,1120,31360,2800000,78400000,0.0025,3.388966032E+01,400,1.27551E-08,42.98908473,4.937335400E+04,2.025383975E-05,,,5.755487558E+01,1.877743779,3.755487558E+01,,,,,,,,,,,,,,,,,,,,,,,,,,,,,,,,
A20-6 XL 8 pole EVO,3500,400,30000,20-25,,8,3.4,,14,78,40,28,3,https://hackermotorusa.com/shop/hacker-brushless-motors/outrunners/a20-6-xl-8-pole-evo/,1120,31360,3920000,109760000,0.0025,3.388966032E+01,400,9.11079E-09,42.98908473,4.937335400E+04,2.025383975E-05,,,5.755487558E+01,3.111062542,4.355487558E+01,,,,,,,,,,,,,,,,,,,,,,,,,,,,,,,,
A20-8XL EVO,1500,350,30000,20-25,,10,2.6,,26,78,40,28,3,https://hackermotorusa.com/shop/hacker-brushless-motors/outrunners/a20-8xl-evo-kv-1500/,1120,31360,1680000,47040000,0.002857143,3.327833671E+01,350,2.12585E-08,41.83397667,4.632894100E+04,2.158478002E-05,,,6.686285410E+01,1.571648234,4.086285410E+01,,,,,,,,,,,,,,,,,,,,,,,,,,,,,,,,
A20-33 S V3,1440,300,20000,20-25,,14,1.4,,41,70,28,37,4,https://hackermotorusa.com/shop/hacker-brushless-motors/outrunners/a30-22-s-v3/,1036,38332,1491840,55198080,0.003333333,3.266497799E+01,300,1.81166E-08,40.6109616,4.333192800E+04,2.307767150E-05,,,7.959578421E+01,0.941360591,3.859578421E+01,,,,,,,,,,,,,,,,,,,,,,,,,,,,,,,,
A30-28 S V3,1140,300,20000,20-25,,14,1.1,,68,70,28,37,4,https://hackermotorusa.com/shop/hacker-brushless-motors/outrunners/a30-28-s-v3/,1036,38332,1181040,43698480,0.003333333,3.266497799E+01,300,2.28841E-08,40.6109616,4.333192800E+04,2.307767150E-05,,,7.959578421E+01,0.170526238,1.159578421E+01,,,,,,,,,,,,,,,,,,,,,,,,,,,,,,,,
A30-42S-UAV,850,250,20000,20-25,,14,0.6,,140,89,28,37,6,https://hackermotorusa.com/shop/hacker-brushless-motors/outrunners/a30-42s-uav-shaft-with-lht/,1036,38332,880600,32582200,0.004,3.204958417E+01,250,3.06916E-08,39.31392582,4.038231500E+04,2.476331533E-05,,,9.719003439E+01,-0.305785469,-4.280996561E+01,,,,,,,,,,,,,,,,,,,,,,,,,,,,,,,,
A30-42S-UAV2,850,250,20000,20-25,,14,0.6,,140,89,28,37,6,https://hackermotorusa.com/shop/hacker-brushless-motors/outrunners/a30-42s-uav-shaft-with-rht/,1036,38332,880600,32582200,0.004,3.204958417E+01,250,3.06916E-08,39.31392582,4.038231500E+04,2.476331533E-05,,,9.719003439E+01,-0.305785469,-4.280996561E+01,,,,,,,,,,,,,,,,,,,,,,,,,,,,,,,,
A30-52S-UAV,680,250,20000,20-25,,14,0.4,,220,89,28,37,6,https://hackermotorusa.com/shop/hacker-brushless-motors/outrunners/a30-52s-uav-shaft-with-lht/,1036,38332,704480,26065760,0.004,3.204958417E+01,250,3.83645E-08,39.31392582,4.038231500E+04,2.476331533E-05,,,9.719003439E+01,-0.558227116,-1.228099656E+02,,,,,,,,,,,,,,,,,,,,,,,,,,,,,,,,
A30-12 M V3,1370,400,18000,20-25,,14,2.2,,22,104,34,37,4,https://hackermotorusa.com/shop/hacker-brushless-motors/outrunners/a30-12-m-v3/,1258,46546,1723460,63768020,0.0025,3.388966032E+01,400,1.56818E-08,42.98908473,4.937335400E+04,2.025383975E-05,,,5.755487558E+01,1.616130708,3.555487558E+01,,,,,,,,,,,,,,,,,,,,,,,,,,,,,,,,
A30-14 M V2,3600,500,45000,20-25,,6,3.1,,19,104,34,35,4,https://hackermotorusa.com/shop/hacker-brushless-motors/outrunners/a30-14-m-v2-6-pole/,1190,41650,4284000,149940000,0.002,3.510620222E+01,500,6.66933E-09,45.11711306,5.560438000E+04,1.798419477E-05,,,4.560217183E+01,1.400114307,2.660217183E+01,,,,,,,,,,,,,,,,,,,,,,,,,,,,,,,,
A30-16 M V3,1060,400,18000,20-25,,14,1.6,,38,104,34,37,4,https://hackermotorusa.com/shop/hacker-brushless-motors/outrunners/a30-16-m-v3/,1258,46546,1333480,49338760,0.0025,3.388966032E+01,400,2.0268E-08,42.98908473,4.937335400E+04,2.025383975E-05,,,5.755487558E+01,0.514601989,1.955487558E+01,,,,,,,,,,,,,,,,,,,,,,,,,,,,,,,,
A30-18 M V2,2900,500,45000,20-25,,6,1.8,,31,104,34,35,4,https://hackermotorusa.com/shop/hacker-brushless-motors/outrunners/a30-18-m-v2-6-pole/,1190,41650,3451000,120785000,0.002,3.510620222E+01,500,8.27917E-09,45.11711306,5.560438000E+04,1.798419477E-05,,,4.560217183E+01,0.471037801,1.460217183E+01,,,,,,,,,,,,,,,,,,,,,,,,,,,,,,,,
A30-24M-UAV,680,350,20000,20-25,,14,0.9,,80,134,34,37,6,https://hackermotorusa.com/shop/hacker-brushless-motors/outrunners/a30-24m-uav-shaft-with-lht/,1258,46546,855440,31651280,0.002857143,3.327833671E+01,350,3.15943E-08,41.83397667,4.632894100E+04,2.158478002E-05,,,6.686285410E+01,-0.164214324,-1.313714590E+01,,,,,,,,,,,,,,,,,,,,,,,,,,,,,,,,
A30-30M-UAV,550,350,20000,20-25,,14,0.7,,100,134,34,37,6,https://hackermotorusa.com/shop/hacker-brushless-motors/outrunners/a30-30m-uav-shaft-with-lht/,1258,46546,691900,25600300,0.002857143,3.327833671E+01,350,3.9062E-08,41.83397667,4.632894100E+04,2.158478002E-05,,,6.686285410E+01,-0.331371459,-3.313714590E+01,,,,,,,,,,,,,,,,,,,,,,,,,,,,,,,,
A30-10 L V3,1185,500,16000,20-25,,14,2.3,,23,143,40,37.2,4,https://hackermotorusa.com/shop/hacker-brushless-motors/outrunners/a30-10-l-v3/,1488,55353.6,1763280,65594016,0.002,3.510620222E+01,500,1.52453E-08,45.11711306,5.560438000E+04,1.798419477E-05,,,4.560217183E+01,0.982703123,2.260217183E+01,,,,,,,,,,,,,,,,,,,,,,,,,,,,,,,,
A30-12 L V2 6 pole,2800,750,45000,20-25,,6,2.8,,16,125,39,35,4,https://hackermotorusa.com/shop/hacker-brushless-motors/outrunners/a30-12-l-v2-6-pole/,1365,47775,3822000,133770000,0.001333333,3.811194264E+01,750,7.47552E-09,49.57689842,7.201144500E+04,1.388668149E-05,,,3.401233988E+01,1.125771242,1.801233988E+01,,,,,,,,,,,,,,,,,,,,,,,,,,,,,,,,
A30-12 L V3,1000,500,16000,20-25,,14,1.8,,30,143,40,37.2,4,https://hackermotorusa.com/shop/hacker-brushless-motors/outrunners/a30-12-l-v3/,1488,55353.6,1488000,55353600,0.002,3.510620222E+01,500,1.80657E-08,45.11711306,5.560438000E+04,1.798419477E-05,,,4.560217183E+01,0.520072394,1.560217183E+01,,,,,,,,,,,,,,,,,,,,,,,,,,,,,,,,
A30-14 L V3,800,500,16000,20-25,,14,1.6,,36,143,40,37.2,4,https://hackermotorusa.com/shop/hacker-brushless-motors/outrunners/a30-14-l-v3/,1488,55353.6,1190400,44282880,0.002,3.510620222E+01,500,2.25821E-08,45.11711306,5.560438000E+04,1.798419477E-05,,,4.560217183E+01,0.266726995,9.602171834E+00,,,,,,,,,,,,,,,,,,,,,,,,,,,,,,,,
A30-18L-UAV,680,500,,20-25,,14,1,,50,170,40,37,6,https://hackermotorusa.com/shop/hacker-brushless-motors/outrunners/a30-18l-uav-shaft-with-lht/,1480,54760,1006400,37236800,0.002,3.510620222E+01,500,2.68552E-08,45.11711306,5.560438000E+04,1.798419477E-05,,,4.560217183E+01,-0.087956563,-4.397828166E+00,,,,,,,,,,,,,,,,,,,,,,,,,,,,,,,,
A30-28L-UAV,450,500,,20-25,,14,0.6,,120,170,40,37,6,https://hackermotorusa.com/shop/hacker-brushless-motors/outrunners/a30-28l-uav-shaft-with-lht/,1480,54760,666000,24642000,0.002,3.510620222E+01,500,4.05811E-08,45.11711306,5.560438000E+04,1.798419477E-05,,,4.560217183E+01,-0.619981901,-7.439782817E+01,,,,,,,,,,,,,,,,,,,,,,,,,,,,,,,,
A30-10 XL V3,900,650,15000,20-25,,14,1.9,,24,177,46,37.2,4,https://hackermotorusa.com/shop/hacker-brushless-motors/outrunners/a30-10-xl-v3/,1711.2,63656.64,1540080,57290976,0.001538462,3.691575179E+01,650,1.74548E-08,47.92172426,6.530641900E+04,1.531243047E-05,,,3.682335711E+01,0.534306546,1.282335711E+01,,,,,,,,,,,,,,,,,,,,,,,,,,,,,,,,
A30-12 XL V3,700,650,15000,20-25,,14,1.5,,34,177,46,37.2,4,https://hackermotorusa.com/shop/hacker-brushless-motors/outrunners/a30-12-xl-v3/,1711.2,63656.64,1197840,44559648,0.001538462,3.691575179E+01,650,2.24418E-08,47.92172426,6.530641900E+04,1.531243047E-05,,,3.682335711E+01,0.083039915,2.823357106E+00,,,,,,,,,,,,,,,,,,,,,,,,,,,,,,,,
A30-8 XL V3,1100,650,15000,20-25,,14,2.8,,15,177,46,37.2,4,https://hackermotorusa.com/shop/hacker-brushless-motors/outrunners/a30-8-xl-v3/,1711.2,63656.64,1882320,70022304,0.001538462,3.691575179E+01,650,1.42812E-08,47.92172426,6.530641900E+04,1.531243047E-05,,,3.682335711E+01,1.454890474,2.182335711E+01,,,,,,,,,,,,,,,,,,,,,,,,,,,,,,,,
A40-10S V2 14 pole,750,900,,20-25,,14,2.8,,12,208,42,41.7,5,https://hackermotorusa.com/shop/hacker-brushless-motors/outrunners/a40-10s-v2-14-pole/,1751.4,73033.38,1313550,54775035,0.001111111,3.989096562E+01,900,1.82565E-08,51.79730196,8.242448400E+04,1.213231738E-05,,,3.193211851E+01,1.661009876,1.993211851E+01,,,,,,,,,,,,,,,,,,,,,,,,,,,,,,,,
A40-10S V2 8 pole,1600,900,,20-25,,8,2.6,,14,208,42,41.7,5,https://hackermotorusa.com/shop/hacker-brushless-motors/outrunners/a40-10s-v2-8-pole/,1751.4,73033.38,2802240,116853408,0.001111111,3.989096562E+01,900,8.55773E-09,51.79730196,8.242448400E+04,1.213231738E-05,,,3.193211851E+01,1.280865608,1.793211851E+01,,,,,,,,,,,,,,,,,,,,,,,,,,,,,,,,
A40-12S V2 8 pole,1350,900,,20-25,,8,1.9,,17,208,42,41.7,5,https://hackermotorusa.com/shop/hacker-brushless-motors/outrunners/a40-12s-v2-8-pole/,1751.4,73033.38,2364390,98595063,0.001111111,3.989096562E+01,900,1.01425E-08,51.79730196,8.242448400E+04,1.213231738E-05,,,3.193211851E+01,0.878359912,1.493211851E+01,,,,,,,,,,,,,,,,,,,,,,,,,,,,,,,,
A40-16S V2 8 pole,1000,900,,20-25,,8,1.3,,30,208,42,41.7,5,https://hackermotorusa.com/shop/hacker-brushless-motors/outrunners/a40-16s-v2-8-pole/,1751.4,73033.38,1751400,73033380,0.001111111,3.989096562E+01,900,1.36924E-08,51.79730196,8.242448400E+04,1.213231738E-05,,,3.193211851E+01,0.06440395,1.932118510E+00,,,,,,,,,,,,,,,,,,,,,,,,,,,,,,,,
A40-10L V2 14 pole,500,1100,,20-25,,14,1.7,,18,272,52,41.7,5,https://hackermotorusa.com/shop/hacker-brushless-motors/outrunners/a40-10l-v2-14-pole/,2168.4,90422.28,1084200,45211140,0.000909091,4.223450479E+01,1100,2.21184E-08,54.3640933,9.697213600E+04,1.031224062E-05,,,3.097251747E+01,0.720695415,1.297251747E+01,,,,,,,,,,,,,,,,,,,,,,,,,,,,,,,,
A40-10L V2 8 pole,1100,1100,,20-25,,8,1.7,,19,272,52,41.7,5,https://hackermotorusa.com/shop/hacker-brushless-motors/outrunners/a40-10l-v2-8-pole/,2168.4,90422.28,2385240,99464508,0.000909091,4.223450479E+01,1100,1.00538E-08,54.3640933,9.697213600E+04,1.031224062E-05,,,3.097251747E+01,0.630132498,1.197251747E+01,,,,,,,,,,,,,,,,,,,,,,,,,,,,,,,,
A40-12L V2 14 pole,410,1100,,20-25,,14,1.5,,25,272,52,41.7,5,https://hackermotorusa.com/shop/hacker-brushless-motors/outrunners/a40-12l-v2-14-pole/,2168.4,90422.28,889044,37073134.8,0.000909091,4.223450479E+01,1100,2.69737E-08,54.3640933,9.697213600E+04,1.031224062E-05,,,3.097251747E+01,0.238900699,5.972517466E+00,,,,,,,,,,,,,,,,,,,,,,,,,,,,,,,,
A40-14L V2 14 pole,355,1100,,20-25,,14,1.1,,32,272,52,41.7,5,https://hackermotorusa.com/shop/hacker-brushless-motors/outrunners/a40-14l-v2-14-pole/,2168.4,90422.28,769782,32099909.4,0.000909091,4.223450479E+01,1100,3.11527E-08,54.3640933,9.697213600E+04,1.031224062E-05,,,3.097251747E+01,-0.032108829,-1.027482534E+00,,,,,,,,,,,,,,,,,,,,,,,,,,,,,,,,
A40-8L V2 8 pole,1300,1100,,20-25,,8,2.5,,14,272,52,41.7,5,https://hackermotorusa.com/shop/hacker-brushless-motors/outrunners/a40-8l-v2-8-pole/,2168.4,90422.28,2818920,117548964,0.000909091,4.223450479E+01,1100,8.50709E-09,54.3640933,9.697213600E+04,1.031224062E-05,,,3.097251747E+01,1.212322676,1.697251747E+01,,,,,,,,,,,,,,,,,,,,,,,,,,,,,,,,
A40-14S V2 14 pole,530,900,,20-25,,14,1.4,,21,208,42,41.7,5,https://hackermotorusa.com/shop/hacker-brushless-motors/outrunners/a40-14s-v2-14-pole/,1751.4,73033.38,928242,38707691.4,0.001111111,3.989096562E+01,900,2.58347E-08,51.79730196,8.242448400E+04,1.213231738E-05,,,3.193211851E+01,0.520577072,1.093211851E+01,,,,,,,,,,,,,,,,,,,,,,,,,,,,,,,,
A50-14 XS V3,520,1100,12000,20-25,,14,1.5,,18,289,47,48.7,6,https://hackermotorusa.com/shop/hacker-brushless-motors/outrunners/a50-14-xs-v3/,2288.9,111469.43,1190228,57964103.6,0.000909091,4.223450479E+01,1100,1.72521E-08,54.3640933,9.697213600E+04,1.031224062E-05,,,3.097251747E+01,0.720695415,1.297251747E+01,,,,,,,,,,,,,,,,,,,,,,,,,,,,,,,,
A50-12 S V4,480,1250,12000,20-25,,14,1.8,,16,345,52,48.7,6,https://hackermotorusa.com/shop/hacker-brushless-motors/outrunners/a50-12-s-v3-2/,2532.4,123327.88,1215552,59197382.4,0.0008,4.397079056E+01,1250,1.68926E-08,56.05610304,1.083805750E+05,9.226745660E-06,,,3.079639968E+01,0.92477498,1.479639968E+01,,,,,,,,,,,,,,,,,,,,,,,,,,,,,,,,
A50-14 S V3,425,1250,12000,20-25,,14,1.5,,21,345,52,48.7,6,https://hackermotorusa.com/shop/hacker-brushless-motors/outrunners/a50-14-s-v3/,2532.4,123327.88,1076270,52414349,0.0008,4.397079056E+01,1250,1.90787E-08,56.05610304,1.083805750E+05,9.226745660E-06,,,3.079639968E+01,0.466495223,9.796399681E+00,,,,,,,,,,,,,,,,,,,,,,,,,,,,,,,,
A50-16 S V3,365,1250,12000,20-25,,14,1.4,,26,345,52,48.7,6,https://hackermotorusa.com/shop/hacker-brushless-motors/outrunners/a50-16-s-v3/,2532.4,123327.88,924326,45014676.2,0.0008,4.397079056E+01,1250,2.2215E-08,56.05610304,1.083805750E+05,9.226745660E-06,,,3.079639968E+01,0.184476911,4.796399681E+00,,,,,,,,,,,,,,,,,,,,,,,,,,,,,,,,
A50-6S Turnado V3,1100,2800,,20-25,,10,5.1,,7,348,51,51.5,6,https://hackermotorusa.com/shop/hacker-brushless-motors/outrunners/a50-6s-turnado-v3/,2626.5,135264.75,2889150,148791225,0.000357143,6.083990968E+01,2800,6.72083E-09,67.87733185,2.512475780E+05,3.980137870E-06,,,3.071187127E+01,3.387410182,2.371187127E+01,,,,,,,,,,,,,,,,,,,,,,,,,,,,,,,,
A50-8S Turnado V3,850,2800,,20-25,,10,4.1,,9,348,51,51.5,6,https://hackermotorusa.com/shop/hacker-brushless-motors/outrunners/a50-8s-turnado-v3/,2626.5,135264.75,2232525,114975037.5,0.000357143,6.083990968E+01,2800,8.69754E-09,67.87733185,2.512475780E+05,3.980137870E-06,,,3.071187127E+01,2.412430141,2.171187127E+01,,,,,,,,,,,,,,,,,,,,,,,,,,,,,,,,
A50-10L Turnado V3,530,4500,,20-25,,10,1.9,,15,455,61,51.5,6,https://hackermotorusa.com/shop/hacker-brushless-motors/outrunners/a50-10-l-turnado-v3/,3141.5,161787.25,1664995,85747242.5,0.000222222,7.709273277E+01,4500,1.16622E-08,77.45162409,4.603174200E+05,2.172413983E-06,,,2.967145231E+01,0.978096821,1.467145231E+01,,,,,,,,,,,,,,,,,,,,,,,,,,,,,,,,
A50-12 L V3,355,1650,9000,20-25,,14,1.5,,21,445,62,48.7,6,https://hackermotorusa.com/shop/hacker-brushless-motors/outrunners/a50-12-l-v3/,3019.4,147044.78,1071887,52200896.9,0.000606061,4.851134132E+01,1650,1.91568E-08,59.86728061,1.408886790E+05,7.097802372E-06,,,3.087727257E+01,0.470346313,9.877272573E+00,,,,,,,,,,,,,,,,,,,,,,,,,,,,,,,,
A50-14 L V3,300,1650,9000,20-25,,14,1,,25,445,62,48.7,6,https://hackermotorusa.com/shop/hacker-brushless-motors/outrunners/a50-14-l-v3/,3019.4,147044.78,905820,44113434,0.000606061,4.851134132E+01,1650,2.26688E-08,59.86728061,1.408886790E+05,7.097802372E-06,,,3.087727257E+01,0.235090903,5.877272573E+00,,,,,,,,,,,,,,,,,,,,,,,,,,,,,,,,
A50-14L Turnado V3,400,4500,,20-25,,10,1.1,,26,455,61,51.5,6,https://hackermotorusa.com/shop/hacker-brushless-motors/outrunners/a50-14l-turnado-v3-with-long-shaft/,3141.5,161787.25,1256600,64714900,0.000222222,7.709273277E+01,4500,1.54524E-08,77.45162409,4.603174200E+05,2.172413983E-06,,,2.967145231E+01,0.141209704,3.671452309E+00,,,,,,,,,,,,,,,,,,,,,,,,,,,,,,,,
A50-16 L V3,265,1650,9000,20-25,,14,1,,31,445,62,48.7,6,https://hackermotorusa.com/shop/hacker-brushless-motors/outrunners/a50-16-l-v3/,3019.4,147044.78,800141,38966866.7,0.000606061,4.851134132E+01,1650,2.56628E-08,59.86728061,1.408886790E+05,7.097802372E-06,,,3.087727257E+01,-0.003958949,-1.227274270E-01,,,,,,,,,,,,,,,,,,,,,,,,,,,,,,,,
A50-12L Turnado V3,450,4500,,20-25,,10,1.2,,19,455,61,51.5,6,https://hackermotorusa.com/shop/hacker-brushless-motors/outrunners/a50-12l-turnado-v3-with-long-shaft/,3141.5,161787.25,1413675,72804262.5,0.000222222,7.709273277E+01,4500,1.37355E-08,77.45162409,4.603174200E+05,2.172413983E-06,,,2.967145231E+01,0.561655385,1.067145231E+01,,,,,,,,,,,,,,,,,,,,,,,,,,,,,,,,
A60-5XS V4 28 pole,420,1900,9000,25,,28,2.4,,12,480,60,52,8,https://hackermotorusa.com/shop/hacker-brushless-motors/outrunners/a60/a60-5xs-v4-28-pole-1900-watt-brushless-motor-420-rpmvolt/,3120,162240,1310400,68140800,0.000526316,5.128304462E+01,1900,1.46755E-08,61.88205207,1.627467440E+05,6.144516169E-06,,,3.094248884E+01,1.578540736,1.894248884E+01,,,,,,,,,,,,,,,,,,,,,,,,,,,,,,,,
A60-6XS V4 28 pole,270,1900,9000,25,,28,2.4,,12,480,60,52,8,https://hackermotorusa.com/shop/hacker-brushless-motors/outrunners/a60-6xs-v4-28-pole-1900-watt-brushless-motor-370-rpmvolt/,3120,162240,842400,43804800,0.000526316,5.128304462E+01,1900,2.28285E-08,61.88205207,1.627467440E+05,6.144516169E-06,,,3.094248884E+01,1.578540736,1.894248884E+01,,,,,,,,,,,,,,,,,,,,,,,,,,,,,,,,
A60-7XS V4 28 pole,320,2800,9000,25,,28,2.4,,12,480,60,52,8,https://hackermotorusa.com/shop/hacker-brushless-motors/outrunners/a60/a60-7xs-v4-28-pole-2400-watt-brushless-motor-320-rpmvolt/,3120,162240,998400,51916800,0.000357143,6.083990968E+01,2800,1.92616E-08,67.87733185,2.512475780E+05,3.980137870E-06,,,3.071187127E+01,1.559322606,1.871187127E+01,,,,,,,,,,,,,,,,,,,,,,,,,,,,,,,,
A60-5S V4 28 pole,295,2700,7000,25,,28,1.7,,15,595,65,60,8,https://hackermotorusa.com/shop/hacker-brushless-motors/outrunners/a60/a60-5s-v2-28-pole-copy/,3900,234000,1150500,69030000,0.00037037,5.981059747E+01,2700,1.44865E-08,67.27287137,2.406557520E+05,4.155313105E-06,,,3.076298852E+01,1.050865901,1.576298852E+01,,,,,,,,,,,,,,,,,,,,,,,,,,,,,,,,
A60-7S V4 28 pole,215,3400,7000,25,,28,1.7,,15,595,65,60,8,https://hackermotorusa.com/shop/hacker-brushless-motors/outrunners/a60/a60-7s-v4-28-pole-3400-watt-brushless-motor-kv/,3900,234000,838500,50310000,0.000294118,6.684483409E+01,3400,1.98768E-08,71.34368696,3.187801340E+05,3.136958340E-06,,,3.035337754E+01,1.023558503,1.535337754E+01,,,,,,,,,,,,,,,,,,,,,,,,,,,,,,,,
A60-7S V2 28 pole,215,2100,7000,25,,28,1.2,,26,595,65,60,8,https://hackermotorusa.com/shop/hacker-brushless-motors/outrunners/a60/a60-7s-v2-28-pole/,3900,234000,838500,50310000,0.00047619,5.346377536E+01,2100,1.98768E-08,63.35291154,1.810863960E+05,5.522225977E-06,,,3.094905447E+01,0.190348249,4.949054471E+00,,,,,,,,,,,,,,,,,,,,,,,,,,,,,,,,
A60-8S V4 28 pole,188,2800,7000,25,,28,1.7,,15,595,65,60,8,https://hackermotorusa.com/shop/hacker-brushless-motors/outrunners/a60/a60-8s-v4-28-pole-2800-watt-brushless-motor-188-kv/,3900,234000,733200,43992000,0.000357143,6.083990968E+01,2800,2.27314E-08,67.87733185,2.512475780E+05,3.980137870E-06,,,3.071187127E+01,1.047458085,1.571187127E+01,,,,,,,,,,,,,,,,,,,,,,,,,,,,,,,,
A60-20S V2 28 Pole,245,1900,7000,25,,28,1.7,,27,595,60,60,8,https://hackermotorusa.com/shop/hacker-brushless-motors/outrunners/a60/a60-20s-v2-28-pole-kv245/,3600,216000,882000,52920000,0.000526316,5.128304462E+01,1900,1.88964E-08,61.88205207,1.627467440E+05,6.144516169E-06,,,3.094248884E+01,0.146018105,3.942488837E+00,,,,,,,,,,,,,,,,,,,,,,,,,,,,,,,,
A60-22S V2 28 pole,217,1900,7000,25,,28,1.5,,30,595,60,60,8,https://hackermotorusa.com/shop/hacker-brushless-motors/outrunners/a60-22s-v2-28-pole-kv217/,3600,216000,781200,46872000,0.000526316,5.128304462E+01,1900,2.13347E-08,61.88205207,1.627467440E+05,6.144516169E-06,,,3.094248884E+01,0.031416295,9.424888368E-01,,,,,,,,,,,,,,,,,,,,,,,,,,,,,,,,
A60-24S V2 28 pole,195,1900,7000,25,,28,1.3,,38,595,60,60,8,https://hackermotorusa.com/shop/hacker-brushless-motors/outrunners/a60-24s-v2-28-pole-kv195/,3600,216000,702000,42120000,0.000526316,5.128304462E+01,1900,2.37417E-08,61.88205207,1.627467440E+05,6.144516169E-06,,,3.094248884E+01,-0.185723978,-7.057511163E+00,,,,,,,,,,,,,,,,,,,,,,,,,,,,,,,,
A60-16M V4 14 pole,215,3400,7000,25,,14,1.7,,15,750,75.2,60,8,https://hackermotorusa.com/shop/hacker-brushless-motors/outrunners/a60/a60-16m-v4-28-pole-3400-watt-brushless-motor-215-kv/,4512,270720,970080,58204800,0.000294118,6.684483409E+01,3400,1.71807E-08,71.34368696,3.187801340E+05,3.136958340E-06,,,3.035337754E+01,1.023558503,1.535337754E+01,,,,,,,,,,,,,,,,,,,,,,,,,,,,,,,,
A60-16 M,215,2200,7000,25,,12,1.9,,22,760,70,59,8,https://hackermotorusa.com/shop/hacker-brushless-motors/outrunners/a60-16-m-kv-215/,4130,243670,887950,52389050,0.000454545,5.454193010E+01,2200,1.9088E-08,64.05109721,1.905406220E+05,5.248224707E-06,,,3.093721334E+01,0.40623697,8.937213338E+00,,,,,,,,,,,,,,,,,,,,,,,,,,,,,,,,
A60-18M V4 14 pole,190,3200,7000,25,,14,1,,29,750,75.2,60,8,https://hackermotorusa.com/shop/hacker-brushless-motors/outrunners/a60/a60-18m-v4-28-pole-3400-watt-brushless-motor-215-kv-copy/,4512,270720,857280,51436800,0.0003125,6.487575431E+01,3200,1.94413E-08,70.21156239,2.955108820E+05,3.383970138E-06,,,3.047911304E+01,0.051003898,1.479113037E+00,,,,,,,,,,,,,,,,,,,,,,,,,,,,,,,,
A60-18 M,190,2200,7000,25,,12,1.8,,27,760,70,59,8,https://hackermotorusa.com/shop/hacker-brushless-motors/outrunners/a60/a60-18-m-kv-190/,4130,243670,784700,46297300,0.000454545,5.454193010E+01,2200,2.15995E-08,64.05109721,1.905406220E+05,5.248224707E-06,,,3.093721334E+01,0.145822716,3.937213338E+00,,,,,,,,,,,,,,,,,,,,,,,,,,,,,,,,
A60-20 M,170,2200,7000,25,,12,1.7,,32,760,70,59,8,https://hackermotorusa.com/shop/hacker-brushless-motors/outrunners/a60-20-m-kv-170/,4130,243670,702100,41423900,0.000454545,5.454193010E+01,2200,2.41407E-08,64.05109721,1.905406220E+05,5.248224707E-06,,,3.093721334E+01,-0.033212083,-1.062786662E+00,,,,,,,,,,,,,,,,,,,,,,,,,,,,,,,,
A60-20M V4 14 pole,170,2400,7000,25,,14,0.97,,36,750,75.2,60,8,https://hackermotorusa.com/shop/hacker-brushless-motors/outrunners/a60/a60-20m-v4-14-pole-2700-watt-brushless-motor-170-kv/,4512,270720,767040,46022400,0.000416667,5.667381831E+01,2400,2.17285E-08,65.38698474,2.100178740E+05,4.761499490E-06,,,3.088752702E+01,-0.142013138,-5.112472981E+00,,,,,,,,,,,,,,,,,,,,,,,,,,,,,,,,
A60-14L V4 14 pole,170,2400,7000,25,,14,0.97,,36,750,75.2,60,8,https://hackermotorusa.com/shop/hacker-brushless-motors/outrunners/a60/a60-14l-v4-14-pole-3000-watt-brushless-motor-192-kv/,4512,270720,767040,46022400,0.000416667,5.667381831E+01,2400,2.17285E-08,65.38698474,2.100178740E+05,4.761499490E-06,,,3.088752702E+01,-0.142013138,-5.112472981E+00,,,,,,,,,,,,,,,,,,,,,,,,,,,,,,,,
A60-14 L,192,3000,7000,25,,12,2.5,,16,910,80,59,8,https://hackermotorusa.com/shop/hacker-brushless-motors/outrunners/a60/a60-14-l-kv-192/,4720,278480,906240,53468160,0.000333333,6.287411284E+01,3000,1.87027E-08,69.05878838,2.730000300E+05,3.663003260E-06,,,3.059991600E+01,0.91249475,1.459991600E+01,,,,,,,,,,,,,,,,,,,,,,,,,,,,,,,,
A60-16L V4 14 pole,168,3200,7000,25,,14,1.3,,27,905,85.2,60,8,https://hackermotorusa.com/shop/hacker-brushless-motors/outrunners/a60/a60-16l-v4-14-pole-3100-watt-brushless-motor-168-kv/,5112,306720,858816,51528960,0.0003125,6.487575431E+01,3200,1.94066E-08,70.21156239,2.955108820E+05,3.383970138E-06,,,3.047911304E+01,0.128856038,3.479113037E+00,,,,,,,,,,,,,,,,,,,,,,,,,,,,,,,,
A60-16 L,168,3000,7000,25,,12,1.8,,18,910,80,59,8,https://hackermotorusa.com/shop/hacker-brushless-motors/outrunners/a60/a60-16-l-kv-168/,4720,278480,792960,46784640,0.000333333,6.287411284E+01,3000,2.13745E-08,69.05878838,2.730000300E+05,3.663003260E-06,,,3.059991600E+01,0.699995333,1.259991600E+01,,,,,,,,,,,,,,,,,,,,,,,,,,,,,,,,
A60-18L V4 14 pole,149,3300,7000,25,,14,1.21,,34,905,85.2,60,8,https://hackermotorusa.com/shop/hacker-brushless-motors/outrunners/a60/a60-18l-v4-14-pole-3300-watt-brushless-motor-149-kv/,5112,306720,761688,45701280,0.00030303,6.586436441E+01,3300,2.18812E-08,70.77976113,3.070507080E+05,3.256791057E-06,,,3.041665790E+01,-0.105392415,-3.583342100E+00,,,,,,,,,,,,,,,,,,,,,,,,,,,,,,,,
A60-18 L,149,3000,7000,25,,12,1.6,,20,910,80,59,8,https://hackermotorusa.com/shop/hacker-brushless-motors/outrunners/a60/a60-18-l-kv-149/,4720,278480,703280,41493520,0.000333333,6.287411284E+01,3000,2.41001E-08,69.05878838,2.730000300E+05,3.663003260E-06,,,3.059991600E+01,0.5299958,1.059991600E+01,,,,,,,,,,,,,,,,,,,,,,,,,,,,,,,,
Q80-13XS F3A,225,2800,9000,25,,28,1,,24,520,65,88.5,8,https://hackermotorusa.com/shop/hacker-brushless-motors/outrunners/q80-13xs-f3a/,5752.5,509096.25,1294312.5,114546656.3,0.000357143,6.083990968E+01,2800,8.73007E-09,67.87733185,2.512475780E+05,3.980137870E-06,,,3.071187127E+01,0.279661303,6.711871272E+00,,,,,,,,,,,,,,,,,,,,,,,,,,,,,,,,
Q80-14XS F3A,209,2800,9000,25,,28,0.9,,25,520,65,88.5,8,https://hackermotorusa.com/shop/hacker-brushless-motors/outrunners/q80-14xs-f3a/,5752.5,509096.25,1202272.5,106401116.3,0.000357143,6.083990968E+01,2800,9.3984E-09,67.87733185,2.512475780E+05,3.980137870E-06,,,3.071187127E+01,0.228474851,5.711871272E+00,,,,,,,,,,,,,,,,,,,,,,,,,,,,,,,,
Q80-11S 28 pole,205,3000,9000,25,,28,1.1,,20,630,69,88.5,8,https://hackermotorusa.com/shop/hacker-brushless-motors/outrunners/q80-11s-28-pole-f3a/,6106.5,540425.25,1251832.5,110787176.3,0.000333333,6.287411284E+01,3000,9.02632E-09,69.05878838,2.730000300E+05,3.663003260E-06,,,3.059991600E+01,0.5299958,1.059991600E+01,,,,,,,,,,,,,,,,,,,,,,,,,,,,,,,,
Q80-13S 20 pole F3A,215,3000,9000,25,,20,1.3,,29,610,69,88.5,8,https://hackermotorusa.com/shop/hacker-brushless-motors/outrunners/q80-13s-20-pole-f3a/,6106.5,540425.25,1312897.5,116191428.8,0.000333333,6.287411284E+01,3000,8.60649E-09,69.05878838,2.730000300E+05,3.663003260E-06,,,3.059991600E+01,0.055169517,1.599915997E+00,,,,,,,,,,,,,,,,,,,,,,,,,,,,,,,,
Q80-13S 28 pole,175,3000,9000,25,,28,0.9,,29,610,69,88.5,8,https://hackermotorusa.com/shop/hacker-brushless-motors/outrunners/q80-13s-28-pole/,6106.5,540425.25,1068637.5,94574418.75,0.000333333,6.287411284E+01,3000,1.05737E-08,69.05878838,2.730000300E+05,3.663003260E-06,,,3.059991600E+01,0.055169517,1.599915997E+00,,,,,,,,,,,,,,,,,,,,,,,,,,,,,,,,
Q80-7M V2,210,5500,9000,25,,28,1.6,8.4,10,1035,79.3,88.5,10,https://hackermotorusa.com/shop/hacker-brushless-motors/outrunners/hacker-q80-brushless-motor/q80-7m-v2-5500-watt-brushless-motor-10s/,7018.05,621097.425,1473790.5,130430459.3,0.000181818,8.555426004E+01,5500,7.66692E-09,83.1877952,6.088956800E+05,1.642317449E-06,,,2.914986099E+01,1.914986099,1.914986099E+01,,,,,,,,,,,,,,,,,,,,,,,,,,,,,,,,
Q80-8M V2,180,5500,9000,25,,28,1.6,8.4,13,1035,79.3,88.5,10,https://hackermotorusa.com/shop/hacker-brushless-motors/outrunners/hacker-q80-brushless-motor/q80-8m-v2-5500-watt-brushless-motor-12s/,7018.05,621097.425,1263249,111797536.5,0.000181818,8.555426004E+01,5500,8.94474E-09,83.1877952,6.088956800E+05,1.642317449E-06,,,2.914986099E+01,1.242296999,1.614986099E+01,,,,,,,,,,,,,,,,,,,,,,,,,,,,,,,,
Q80-11M V2,135,5500,7500,25,,28,1,,21,1035,79.3,88.5,10,https://hackermotorusa.com/shop/hacker-brushless-motors/outrunners/hacker-q80-brushless-motor/q80-11m-4500-watt-brushless-motor/,7018.05,621097.425,947436.75,83848152.38,0.000181818,8.555426004E+01,5500,1.19263E-08,83.1877952,6.088956800E+05,1.642317449E-06,,,2.914986099E+01,0.388088619,8.149860991E+00,,,,,,,,,,,,,,,,,,,,,,,,,,,,,,,,
Q80-5L V2,215,7000,9000,25,,28,2.4,,7,1255,89.3,88.5,10,https://hackermotorusa.com/shop/hacker-brushless-motors/outrunners/hacker-q80-brushless-motor/q80-5l-brushless-motor/,7903.05,699419.925,1699155.75,150375283.9,0.000142857,9.672022193E+01,7000,6.65003E-09,92.7131469,8.673130700E+05,1.152986199E-06,,,2.856349608E+01,3.08049944,2.156349608E+01,,,,,,,,,,,,,,,,,,,,,,,,,,,,,,,,
Q80-6L V2,180,7000,9000,25,,28,1.8,,9,1255,89.3,88.5,10,https://hackermotorusa.com/shop/hacker-brushless-motors/outrunners/hacker-q80-brushless-motor/q80-6l-brushless-motor/,7903.05,699419.925,1422549,125895586.5,0.000142857,9.672022193E+01,7000,7.94309E-09,92.7131469,8.673130700E+05,1.152986199E-06,,,2.856349608E+01,2.173721787,1.956349608E+01,,,,,,,,,,,,,,,,,,,,,,,,,,,,,,,,
Q80-7L V2,155,7000,9000,25,,28,1.7,,12,1255,89.3,88.5,10,https://hackermotorusa.com/shop/hacker-brushless-motors/outrunners/hacker-q80-brushless-motor/q80-7l/,7903.05,699419.925,1224972.75,108410088.4,0.000142857,9.672022193E+01,7000,9.22423E-09,92.7131469,8.673130700E+05,1.152986199E-06,,,2.856349608E+01,1.38029134,1.656349608E+01,,,,,,,,,,,,,,,,,,,,,,,,,,,,,,,,
Q100-6M,168,9300,,25,,28,3.16,8.4,49,1830,95.5,113,10,https://hackermotorusa.com/shop/hacker-brushless-motors/outrunners/hacker-q100-9500-watt-brushless-motors/q100-6m-9300-watt-brushless-motor-168-rpm-per-volt/,10791.5,1219439.5,1812972,204865836,0.000107527,1.102839993E+02,9300,4.88124E-09,110.7010541,1.346408268E+06,7.427167701E-07,,,2.798763201E+01,-0.428823836,-2.101236799E+01,,,,,,,,,,,,,,,,,,,,,,,,,,,,,,,,
Q100-7M,140,9500,,25,,28,2.68,8.4,66,1830,95.5,113,10,https://hackermotorusa.com/shop/hacker-brushless-motors/outrunners/hacker-q100-9500-watt-brushless-motors/q100-7m-9500-watt-brushless-motor-copy/,10791.5,1219439.5,1510810,170721530,0.000105263,1.112599477E+02,9500,5.85749E-09,112.5158678,1.392808720E+06,7.179736784E-07,,,2.795032019E+01,-0.5765103,-3.804967981E+01,,,,,,,,,,,,,,,,,,,,,,,,,,,,,,,,
Q100-8M,126,8800,,25,,28,2.23,8.4,86,1830,95.5,113,10,https://hackermotorusa.com/shop/hacker-brushless-motors/outrunners/hacker-q100-9500-watt-brushless-motors/q100-8m-8800-watt-brushless-motor/,10791.5,1219439.5,1359729,153649377,0.000113636,1.077016710E+02,8800,6.50832E-09,106.358825,1.233725138E+06,8.105533147E-07,,,2.808839396E+01,-0.673390768,-5.791160604E+01,,,,,,,,,,,,,,,,,,,,,,,,,,,,,,,,
Q100-9M,110,7100,,25,,28,1.86,8.4,106,1830,95.5,113,10,https://hackermotorusa.com/shop/hacker-brushless-motors/outrunners/hacker-q100-9500-watt-brushless-motors/q100-9m-7100-watt-brushless-motor/,10791.5,1219439.5,1187065,134138345,0.000140845,9.739949602E+01,7100,7.45499E-09,93.40036699,8.860576960E+05,1.128594678E-06,,,2.853146861E+01,-0.730835202,-7.746853139E+01,,,,,,,,,,,,,,,,,,,,,,,,,,,,,,,,
Q100-5L,137,7100,,25,,28,3.16,8.4,53,2300,107.5,113,10,https://hackermotorusa.com/shop/hacker-brushless-motors/outrunners/hacker-q100-9500-watt-brushless-motors/q100-5l-11000-watt-brushless-motor/,12147.5,1372667.5,1664207.5,188055447.5,0.000140845,9.739949602E+01,7100,5.31758E-09,93.40036699,8.860576960E+05,1.128594678E-06,,,2.853146861E+01,-0.461670404,-2.446853139E+01,,,,,,,,,,,,,,,,,,,,,,,,,,,,,,,,
A100-10,150,7000,8000,22,,20,2.5,,16,1900,110,109,10,https://hackermotorusa.com/shop/hacker-brushless-motors/outrunners/a100-10/,11990,1306910,1798500,196036500,0.000142857,9.672022193E+01,7000,5.10109E-09,92.7131469,8.673130700E+05,1.152986199E-06,,,2.856349608E+01,0.785218505,1.256349608E+01,,,,,,,,,,,,,,,,,,,,,,,,,,,,,,,,
A150-10,133,9000,8000,,,20,3.3,,20,2100,114,109,10,https://hackermotorusa.com/shop/hacker-brushless-motors/outrunners/a150-10/,12426,1354434,1652658,180139722,0.000111111,1.087590236E+02,9000,5.55125E-09,108.0633102,1.278229590E+06,7.823320692E-07,,,2.804674722E+01,0.402337361,8.046747223E+00,,,,,,,,,,,,,,,,,,,,,,,,,,,,,,,,
A150-8,166,9000,8000,,,20,3.6,,15,2100,114,109,10,https://hackermotorusa.com/shop/hacker-brushless-motors/outrunners/a150-8/,12426,1354434,2062716,224836044,0.000111111,1.087590236E+02,9000,4.44769E-09,108.0633102,1.278229590E+06,7.823320692E-07,,,2.804674722E+01,0.869783148,1.304674722E+01,,,,,,,,,,,,,,,,,,,,,,,,,,,,,,,,
AXI 2808/16 GOLD LINE V2 LONG,1820,170,,,,,2,,75,85,39,35,,https://www.modelmotors.cz/product/detail/409/,1365,47775,2484300,86950500,0.005882353,3.106072104E+01,170,1.15008E-08,37.06747289,3.576152620E+04,2.796301238E-05,,,1.412281147E+02,0.883041529,6.622811466E+01,,,,,,,,,,,,,,,,,,,,,,,,,,,,,,,,
,1490,256,,,,,1.2,,105,85,39,35,,https://www.modelmotors.cz/product/detail/410/,1365,47775,2033850,71184750,0.00390625,3.212353888E+01,256,1.4048E-08,39.47369635,4.073376584E+04,2.454965750E-05,,,9.475935558E+01,-0.097529947,-1.024064442E+01,,,,,,,,,,,,,,,,,,,,,,,,,,,,,,,,
AXI 2808/24 GOLD LINE V2 LONG,1190,232,,,,,1,,115,85,39,35,,https://www.modelmotors.cz/product/detail/411/,1365,47775,1624350,56852250,0.004310345,3.182754420E+01,232,1.75895E-08,38.82758769,3.933205784E+04,2.542455328E-05,,,1.050986497E+02,-0.086098698,-9.901350259E+00,,,,,,,,,,,,,,,,,,,,,,,,,,,,,,,,
,1820,170,,,,,2,,75,77,31.5,35,,https://www.modelmotors.cz/product/detail/364/,1102.5,38587.5,2006550,70229250,0.005882353,3.106072104E+01,170,1.42391E-08,37.06747289,3.576152620E+04,2.796301238E-05,,,1.412281147E+02,0.883041529,6.622811466E+01,,,,,,,,,,,,,,,,,,,,,,,,,,,,,,,,
AXI 2808/20 GOLD LINE V2,1490,256,,,,,1.3,,105,77,31.5,35,,https://www.modelmotors.cz/product/detail/366/,1102.5,38587.5,1642725,57495375,0.00390625,3.212353888E+01,256,1.73927E-08,39.47369635,4.073376584E+04,2.454965750E-05,,,9.475935558E+01,-0.097529947,-1.024064442E+01,,,,,,,,,,,,,,,,,,,,,,,,,,,,,,,,
,1190,232,,,,,1,,115,77,31.5,35,,https://www.modelmotors.cz/product/detail/368/,1102.5,38587.5,1311975,45919125,0.004310345,3.182754420E+01,232,2.17774E-08,38.82758769,3.933205784E+04,2.542455328E-05,,,1.050986497E+02,-0.086098698,-9.901350259E+00,,,,,,,,,,,,,,,,,,,,,,,,,,,,,,,,
AXI 2814/10 GOLD LINE V2 LONG,1640,460,,,,,2.2,,37,115,45,35,,https://www.modelmotors.cz/product/detail/412/,1575,55125,2583000,90405000,0.002173913,3.462056231E+01,460,1.10613E-08,44.29330532,5.308921760E+04,1.883621657E-05,,,4.955155310E+01,0.339231165,1.255155310E+01,,,,,,,,,,,,,,,,,,,,,,,,,,,,,,,,
,1390,360,,,,,1.7,,53,115,45,35,,https://www.modelmotors.cz/product/detail/413/,1575,55125,2189250,76623750,0.002777778,3.340076424E+01,360,1.30508E-08,42.07024619,4.693403160E+04,2.130650119E-05,,,6.476393974E+01,0.221961127,1.176393974E+01,,,,,,,,,,,,,,,,,,,,,,,,,,,,,,,,
AXI 2814/16 GOLD LINE V2 LONG,1035,325,,,,,1,,85,115,45,35,,https://www.modelmotors.cz/product/detail/414/,1575,55125,1630125,57054375,0.003076923,3.297191174E+01,325,1.75271E-08,41.23132474,4.482450950E+04,2.230922348E-05,,,7.272455604E+01,-0.144416988,-1.227544396E+01,,,,,,,,,,,,,,,,,,,,,,,,,,,,,,,,
,840,355,,,,,0.6,,145,115,45,35,,https://www.modelmotors.cz/product/detail/415/,1575,55125,1323000,46305000,0.002816901,3.333956065E+01,355,2.15959E-08,41.95244784,4.663124930E+04,2.144484686E-05,,,6.579702452E+01,-0.546227417,-7.920297548E+01,,,,,,,,,,,,,,,,,,,,,,,,,,,,,,,,
AXI 2820/8 GOLD LINE V2 LONG,1500,565,,,,,3.2,,26,158,52,35,,https://www.modelmotors.cz/product/detail/416/,1820,63700,2730000,95550000,0.001769912,3.589258916E+01,565,1.04657E-08,46.38457066,5.975621990E+04,1.673465962E-05,,,4.086285696E+01,0.571648345,1.486285696E+01,,,,,,,,,,,,,,,,,,,,,,,,,,,,,,,,
,1200,585,,,,,2.2,,39,158,52,35,,https://www.modelmotors.cz/product/detail/417/,1820,63700,2184000,76440000,0.001709402,3.613386243E+01,585,1.30822E-08,46.75797027,6.104982510E+04,1.638006331E-05,,,3.972836968E+01,0.018676146,7.283696793E-01,,,,,,,,,,,,,,,,,,,,,,,,,,,,,,,,
AXI 2820/12 GOLD LINE V2 LONG,990,650,,,,,1.6,,59,158,52,35,,https://www.modelmotors.cz/product/detail/418/,1820,63700,1801800,63063000,0.001538462,3.691575179E+01,650,1.58572E-08,47.92172426,6.530641900E+04,1.531243047E-05,,,3.682335711E+01,-0.375875303,-2.217664289E+01,,,,,,,,,,,,,,,,,,,,,,,,,,,,,,,,
,860,520,,,,,1.6,,78,158,52,35,,https://www.modelmotors.cz/product/detail/419/,1820,63700,1565200,54782000,0.001923077,3.534853375E+01,520,1.82542E-08,45.51619027,5.687333720E+04,1.758293164E-05,,,4.394915468E+01,-0.436549299,-3.405084532E+01,,,,,,,,,,,,,,,,,,,,,,,,,,,,,,,,
AXI 2814/6D GOLD LINE V2,2850,550,,,,,4.5,,22,107,37.5,35,,https://www.modelmotors.cz/product/detail/370/,1312.5,45937.5,3740625,130921875,0.001818182,3.571142052E+01,550,7.63814E-09,46.09953494,5.879099300E+04,1.700940823E-05,,,4.180373396E+01,0.900169726,1.980373396E+01,,,,,,,,,,,,,,,,,,,,,,,,,,,,,,,,
,1640,460,,,,,2.3,,37,107,37.5,35,,https://www.modelmotors.cz/product/detail/372/,1312.5,45937.5,2152500,75337500,0.002173913,3.462056231E+01,460,1.32736E-08,44.29330532,5.308921760E+04,1.883621657E-05,,,4.955155310E+01,0.339231165,1.255155310E+01,,,,,,,,,,,,,,,,,,,,,,,,,,,,,,,,
AXI 2814/12 GOLD LINE V2,1390,360,,,,,1.8,,53,107,37.5,35,,https://www.modelmotors.cz/product/detail/374/,1312.5,45937.5,1824375,63853125,0.002777778,3.340076424E+01,360,1.56609E-08,42.07024619,4.693403160E+04,2.130650119E-05,,,6.476393974E+01,0.221961127,1.176393974E+01,,,,,,,,,,,,,,,,,,,,,,,,,,,,,,,,
,1035,325,,,,,1,,85,107,37.5,35,,https://www.modelmotors.cz/product/detail/376/,1312.5,45937.5,1358437.5,47545312.5,0.003076923,3.297191174E+01,325,2.10326E-08,41.23132474,4.482450950E+04,2.230922348E-05,,,7.272455604E+01,-0.144416988,-1.227544396E+01,,,,,,,,,,,,,,,,,,,,,,,,,,,,,,,,
AXI 2814/20 GOLD LINE V2,840,355,,,,,0.7,,145,107,37.5,35,,https://www.modelmotors.cz/product/detail/378/,1312.5,45937.5,1102500,38587500,0.002816901,3.333956065E+01,355,2.59151E-08,41.95244784,4.663124930E+04,2.144484686E-05,,,6.579702452E+01,-0.546227417,-7.920297548E+01,,,,,,,,,,,,,,,,,,,,,,,,,,,,,,,,
,1500,565,,,,,3.3,,26,148,46,35,,https://www.modelmotors.cz/product/detail/380/,1610,56350,2415000,84525000,0.001769912,3.589258916E+01,565,1.18308E-08,46.38457066,5.975621990E+04,1.673465962E-05,,,4.086285696E+01,0.571648345,1.486285696E+01,,,,,,,,,,,,,,,,,,,,,,,,,,,,,,,,
AXI 2820/10 GOLD LINE V2,1200,585,,,,,2.3,,39,148,46,35,,https://www.modelmotors.cz/product/detail/384/,1610,56350,1932000,67620000,0.001709402,3.613386243E+01,585,1.47885E-08,46.75797027,6.104982510E+04,1.638006331E-05,,,3.972836968E+01,0.018676146,7.283696793E-01,,,,,,,,,,,,,,,,,,,,,,,,,,,,,,,,
,990,650,,,,,1.7,,59,148,46,35,,https://www.modelmotors.cz/product/detail/386/,1610,56350,1593900,55786500,0.001538462,3.691575179E+01,650,1.79255E-08,47.92172426,6.530641900E+04,1.531243047E-05,,,3.682335711E+01,-0.375875303,-2.217664289E+01,,,,,,,,,,,,,,,,,,,,,,,,,,,,,,,,
AXI 2820/14 GOLD LINE V2,860,520,,,,,1.7,,78,148,44,35,,https://www.modelmotors.cz/product/detail/388/,1540,53900,1324400,46354000,0.001923077,3.534853375E+01,520,2.15731E-08,45.51619027,5.687333720E+04,1.758293164E-05,,,4.394915468E+01,-0.436549299,-3.405084532E+01,,,,,,,,,,,,,,,,,,,,,,,,,,,,,,,,
,760,655,,,,,1.2,,62,187,57.5,35,,https://www.modelmotors.cz/product/detail/233/,2012.5,70437.5,1529500,53532500,0.001526718,3.697575466E+01,655,1.86802E-08,48.00823469,6.563716730E+04,1.523527052E-05,,,3.664145232E+01,-0.409008834,-2.535854768E+01,,,,,,,,,,,,,,,,,,,,,,,,,,,,,,,,
AXI 4120/14 GOLD LINE V2,660,1015,,,,,1.9,,41,315,54.4,49,,https://www.modelmotors.cz/product/detail/272/,2665.6,130614.4,1759296,86205504,0.000985222,4.124247928E+01,1015,1.16002E-08,53.32146054,9.069671690E+04,1.102575743E-05,,,3.123166049E+01,-0.238252183,-9.768339508E+00,,,,,,,,,,,,,,,,,,,,,,,,,,,,,,,,
,515,1500,,,,,1.3,,70,315,54.4,49,,https://www.modelmotors.cz/product/detail/273/,2665.6,130614.4,1372784,67266416,0.000666667,4.682389808E+01,1500,1.48663E-08,58.53772458,1.283426400E+05,7.791642746E-06,,,3.082045764E+01,-0.559707748,-3.917954236E+01,,,,,,,,,,,,,,,,,,,,,,,,,,,,,,,,
AXI 4120/20 GOLD LINE V2,465,1160,,,,,1.4,,82,315,54.4,49,,https://www.modelmotors.cz/product/detail/274/,2665.6,130614.4,1239504,60735696,0.000862069,4.293121701E+01,1160,1.64648E-08,55.06207128,1.014843196E+05,9.853739020E-06,,,3.087025457E+01,-0.623533481,-5.112974543E+01,,,,,,,,,,,,,,,,,,,,,,,,,,,,,,,,
,385,1780,,,,,1.2,,63,410,64.4,49,,https://www.modelmotors.cz/product/detail/275/,3155.6,154624.4,1214906,59530394,0.000561798,4.995897656E+01,1780,1.67981E-08,60.94275615,1.521069848E+05,6.574320051E-06,,,3.091837038E+01,-0.509232216,-3.208162962E+01,,,,,,,,,,,,,,,,,,,,,,,,,,,,,,,,
AXI 4130/20 GOLD LINE V2,305,1650,,,,,1.1,,99,410,64.4,49,,https://www.modelmotors.cz/product/detail/276/,3155.6,154624.4,962458,47160442,0.000606061,4.851134132E+01,1650,2.12042E-08,59.86728061,1.408886790E+05,7.097802372E-06,,,3.087727257E+01,-0.688108358,-6.812272743E+01,,,,,,,,,,,,,,,,,,,,,,,,,,,,,,,,
,370,1850,,,,,1.3,,23,515,59.2,63,,https://www.modelmotors.cz/product/detail/258/,3729.6,234964.8,1379952,86936976,0.000540541,5.073277417E+01,1850,1.15026E-08,61.49640493,1.582803310E+05,6.317904402E-06,,,3.093423966E+01,0.344966942,7.934239662E+00,,,,,,,,,,,,,,,,,,,,,,,,,,,,,,,,
AXI 5320/28 GOLD LINE V2,249,1600,,,,,1.3,,57,515,59.2,63,,https://www.modelmotors.cz/product/detail/259/,3729.6,234964.8,928670.4,58506235.2,0.000625,4.795089534E+01,1600,1.70922E-08,59.43546191,1.366592660E+05,7.317469421E-06,,,3.085860048E+01,-0.458621044,-2.614139952E+01,,,,,,,,,,,,,,,,,,,,,,,,,,,,,,,,
,206,1850,,,,,1.1,,84,515,59.2,63,,https://www.modelmotors.cz/product/detail/260/,3729.6,234964.8,768297.6,48402748.8,0.000540541,5.073277417E+01,1850,2.066E-08,61.49640493,1.582803310E+05,6.317904402E-06,,,3.093423966E+01,-0.631735242,-5.306576034E+01,,,,,,,,,,,,,,,,,,,,,,,,,,,,,,,,
AXI 5325/18 GOLD LINE V2,308,2440,,,,,1.6,,32,595,63.2,63,,https://www.modelmotors.cz/product/detail/262/,3981.6,250840.8,1226332.8,77258966.4,0.000409836,5.709628855E+01,2440,1.29435E-08,65.6457793,2.140043324E+05,4.672802596E-06,,,3.087397781E+01,-0.035188193,-1.126022189E+00,,,,,,,,,,,,,,,,,,,,,,,,,,,,,,,,
,280,2430,,,,,1.9,,37,595,63.2,63,,https://www.modelmotors.cz/product/detail/263/,3981.6,250840.8,1114848,70235424,0.000411523,5.699079310E+01,2430,1.42378E-08,65.5813178,2.130048738E+05,4.694728257E-06,,,3.087746627E+01,-0.165473885,-6.122533734E+00,,,,,,,,,,,,,,,,,,,,,,,,,,,,,,,,
AXI 5325/24 GOLD LINE V2,232,2850,,,,,1.6,,45,595,63.2,63,,https://www.modelmotors.cz/product/detail/264/,3981.6,250840.8,923731.2,58195065.6,0.000350877,6.135151313E+01,2850,1.71836E-08,68.17588589,2.566145910E+05,3.896894546E-06,,,3.068496882E+01,-0.318111804,-1.431503118E+01,,,,,,,,,,,,,,,,,,,,,,,,,,,,,,,,
,350,2650,,,,,2,,26,595,63.2,63,,https://www.modelmotors.cz/product/detail/459/,3981.6,250840.8,1393560,87794280,0.000377358,5.929288871E+01,2650,1.13903E-08,66.96661023,2.354309390E+05,4.247530101E-06,,,3.078701327E+01,0.184115895,4.787013267E+00,,,,,,,,,,,,,,,,,,,,,,,,,,,,,,,,
AXI 5320/18 3D EXTREME KV370 V2,370,1900,,,,,1.3,,23,530,55.2,63,,https://www.modelmotors.cz/product/detail/455/,3477.6,219088.8,1286712,81062856,0.000526316,5.128304462E+01,1900,1.23361E-08,61.88205207,1.627467440E+05,6.144516169E-06,,,3.094248884E+01,0.345325602,7.942488837E+00,,,,,,,,,,,,,,,,,,,,,,,,,,,,,,,,
,259,2870,,,,,1.9,,32,672,68.2,63,,https://www.modelmotors.cz/product/detail/265/,4296.6,270685.8,1112819.4,70107622.2,0.000348432,6.155558468E+01,2870,1.42638E-08,68.29467441,2.587746682E+05,3.864365886E-06,,,3.067398529E+01,-0.04143796,-1.326014708E+00,,,,,,,,,,,,,,,,,,,,,,,,,,,,,,,,
AXI 5330/24 GOLD LINE V2,197,2220,,,,,1.4,,57,672,68.2,63,,https://www.modelmotors.cz/product/detail/266/,4296.6,270685.8,846430.2,53325102.6,0.00045045,5.475658420E+01,2220,1.87529E-08,64.18813244,1.924542192E+05,5.196040929E-06,,,3.093373404E+01,-0.457302912,-2.606626596E+01,,,,,,,,,,,,,,,,,,,,,,,,,,,,,,,,
,235,2780,,,,,1.7,,45,672,68.2,63,,https://www.modelmotors.cz/product/detail/267/,4296.6,270685.8,1009701,63611163,0.000359712,6.063469847E+01,2780,1.57205E-08,67.75724961,2.491140448E+05,4.014225697E-06,,,3.072239508E+01,-0.317280109,-1.427760492E+01,,,,,,,,,,,,,,,,,,,,,,,,,,,,,,,,
AXI 5325/16 3D EXTREME KV350 V2,350,2700,,,,,2,,26,640,61.2,63,,https://www.modelmotors.cz/product/detail/261/,3855.6,242902.8,1349460,85015980,0.00037037,5.981059747E+01,2700,1.17625E-08,67.27287137,2.406557520E+05,4.155313105E-06,,,3.076298852E+01,0.183191866,4.762988519E+00,,,,,,,,,,,,,,,,,,,,,,,,,,,,,,,,
,280,2500,,,,,1.9,,37,640,61.2,63,,https://www.modelmotors.cz/product/detail/458/,3855.6,242902.8,1079568,68012784,0.0004,5.772755179E+01,2500,1.47031E-08,66.02936695,2.200409000E+05,4.544609661E-06,,,3.085170059E+01,-0.166170254,-6.148299405E+00,,,,,,,,,,,,,,,,,,,,,,,,,,,,,,,,
AXI 5330/24 3D EXTREME KV197 V2,197,2500,,,,,1.4,,57,690,65.2,63,,https://www.modelmotors.cz/product/detail/456/,4107.6,258778.8,809197.2,50979423.6,0.0004,5.772755179E+01,2500,1.96158E-08,66.02936695,2.200409000E+05,4.544609661E-06,,,3.085170059E+01,-0.458742095,-2.614829941E+01,,,,,,,,,,,,,,,,,,,,,,,,,,,,,,,,
,235,2900,,,,,1.7,,45,690,65.2,63,,https://www.modelmotors.cz/product/detail/457/,4107.6,258778.8,965286,60813018,0.000344828,6.186108147E+01,2900,1.64438E-08,68.47221069,2.620290040E+05,3.816371412E-06,,,3.065728835E+01,-0.318726926,-1.434271165E+01,,,,,,,,,,,,,,,,,,,,,,,,,,,,,,,,
AXI 5345/14 HD GOLD LINE V2,225,4200,,,,,2.5,,27,995,84.3,63,,https://www.modelmotors.cz/product/detail/268/,5310.9,334586.7,1194952.5,75282007.5,0.000238095,7.439553637E+01,4200,1.32834E-08,75.78395539,4.194411420E+05,2.384124731E-06,,,2.984917737E+01,0.105525088,2.849177371E+00,,,,,,,,,,,,,,,,,,,,,,,,,,,,,,,,
,195,4195,,,,,2,,34,995,84.3,63,,https://www.modelmotors.cz/product/detail/269/,5310.9,334586.7,1035625.5,65244406.5,0.000238379,7.434996239E+01,4195,1.5327E-08,75.75626311,4.187743277E+05,2.387920973E-06,,,2.985221253E+01,-0.121993749,-4.147787469E+00,,,,,,,,,,,,,,,,,,,,,,,,,,,,,,,,
AXI 5345/18 HD GOLD LINE V2,171,3510,,,,,1.5,,42,995,84.3,63,,https://www.modelmotors.cz/product/detail/270/,5310.9,334586.7,908163.9,57214325.7,0.0002849,6.791394855E+01,3510,1.74781E-08,71.96001418,3.319014906E+05,3.012942178E-06,,,3.028321800E+01,-0.278971,-1.171678200E+01,,,,,,,,,,,,,,,,,,,,,,,,,,,,,,,,
,145,3870,,,,,1.5,,42,995,84.3,63,,https://www.modelmotors.cz/product/detail/463/,5310.9,334586.7,770080.5,48515071.5,0.000258398,7.134400065E+01,3870,2.06122E-08,73.95886269,3.764481282E+05,2.656408480E-06,,,3.005376467E+01,-0.284434175,-1.194623533E+01,,,,,,,,,,,,,,,,,,,,,,,,,,,,,,,,
AXI 5345/16 HD SAILPLANE GOLD LINE V2,195,4195,,,,,2,,34,995,84.3,63,,https://www.modelmotors.cz/product/detail/466/,5310.9,334586.7,1035625.5,65244406.5,0.000238379,7.434996239E+01,4195,1.5327E-08,75.75626311,4.187743277E+05,2.387920973E-06,,,2.985221253E+01,-0.121993749,-4.147787469E+00,,,,,,,,,,,,,,,,,,,,,,,,,,,,,,,,
,171,3500,,,,,1.5,,42,995,84.3,63,,https://www.modelmotors.cz/product/detail/467/,5310.9,334586.7,908163.9,57214325.7,0.000285714,6.781716335E+01,3500,1.74781E-08,71.90413256,3.306991600E+05,3.023896402E-06,,,3.028961001E+01,-0.278818809,-1.171038999E+01,,,,,,,,,,,,,,,,,,,,,,,,,,,,,,,,
AXI 2808/24 CYCLONE,1190,240,,,,,1,,115,130,57,40,,https://www.modelmotors.cz/product/detail/477/,2280,91200,2713200,108528000,0.004166667,3.192626120E+01,240,9.21421E-09,39.04505152,3.979808040E+04,2.512684004E-05,,,1.014649005E+02,-0.117696517,-1.353509945E+01,,,,,,,,,,,,,,,,,,,,,,,,,,,,,,,,
,840,365,,,,,0.6,,145,164,63,40,,https://www.modelmotors.cz/product/detail/475/,2520,100800,2116800,84672000,0.002739726,3.346194748E+01,365,1.18103E-08,42.18737744,4.723728790E+04,2.116971665E-05,,,6.376250531E+01,-0.560258584,-8.123749469E+01,,,,,,,,,,,,,,,,,,,,,,,,,,,,,,,,
AXI 2814/16 CYCLONE,1035,335,,,,,1,,85,164,63,40,,https://www.modelmotors.cz/product/detail/476/,2520,100800,2608200,104328000,0.002985075,3.309454278E+01,335,9.58515E-09,41.47446834,4.542486010E+04,2.201437710E-05,,,7.026840364E+01,-0.173312898,-1.473159636E+01,,,,,,,,,,,,,,,,,,,,,,,,,,,,,,,,
,860,530,,,,,1.6,,78,197,69,40,,https://www.modelmotors.cz/product/detail/473/,2760,110400,2373600,94944000,0.001886792,3.546957741E+01,530,1.05325E-08,45.71264192,5.751065980E+04,1.738808081E-05,,,4.319214561E+01,-0.446254544,-3.480785439E+01,,,,,,,,,,,,,,,,,,,,,,,,,,,,,,,,
AXI 2820/12 CYCLONE,990,660,,,,,1.6,,59,158,69,40,,https://www.modelmotors.cz/product/detail/474/,2760,110400,2732400,109296000,0.001515152,3.703573719E+01,660,9.14947E-09,48.09433178,6.596838960E+04,1.515877538E-05,,,3.646466621E+01,-0.38195481,-2.253533379E+01,,,,,,,,,,,,,,,,,,,,,,,,,,,,,,,,
,760,665,,,,,1.2,,62,230,75,40,,https://www.modelmotors.cz/product/detail/471/,3000,120000,2280000,91200000,0.001503759,3.709569937E+01,665,1.09649E-08,48.18001874,6.630008590E+04,1.508293672E-05,,,3.629285459E+01,-0.414631378,-2.570714541E+01,,,,,,,,,,,,,,,,,,,,,,,,,,,,,,,,
AXI 2826/10 CYCLONE,920,675,,,,,1.2,,42,230,75,40,,https://www.modelmotors.cz/product/detail/472/,3000,120000,2760000,110400000,0.001481481,3.721556266E+01,675,9.05797E-09,48.35017484,6.696490050E+04,1.493319623E-05,,,3.596359943E+01,-0.143723823,-6.036400573E+00,,,,,,,,,,,,,,,,,,,,,,,,,,,,,,,,
Scorpion S-1804-1650KV,1650,32.5,,,,,0.25,,400,12,16,23,2.98,http://www.scorpionsystem.com/catalog/aeroplane/motors_1/s-18/S_1804_1650/,368,8464,607200,13965600,0.030769231,2.934894006E+01,32.5,7.16045E-08,32.626367,2.810305670E+04,3.558331788E-05,,,3.152028028E+02,-0.211992993,-8.479719715E+01,,,,,,,,,,,,,,,,,,,,,,,,,,,,,,,,
Scorpion SII-2205-1900KV (V2),1900,130,,,,,0.58,,128,35,23,27.9,2.98,http://www.scorpionsystem.com/catalog/aeroplane/motors_1/s-22_v2/SII-2205-1900KV/,641.7,17903.43,1219230,34016517,0.007692308,3.056433577E+01,130,2.93975E-08,35.85677839,3.349663580E+04,2.985374430E-05,,,1.746225195E+02,0.364238434,4.662251953E+01,,,,,,,,,,,,,,,,,,,,,,,,,,,,,,,,
Scorpion SII-2205-1585KV (V2),1585,110,,,,,0.47,,182,35,23,27.9,2.98,http://www.scorpionsystem.com/catalog/aeroplane/motors_1/s-22_v2/SII-2205-1585KV/,641.7,17903.43,1017094.5,28376936.55,0.009090909,3.031565472E+01,110,3.52399E-08,35.22763385,3.237556660E+04,3.088749032E-05,,,1.954291358E+02,0.07378646,1.342913577E+01,,,,,,,,,,,,,,,,,,,,,,,,,,,,,,,,
Scorpion SII-2205-1490KV (V2),1490,110,,,,,0.42,,188,35,23,27.9,2.98,http://www.scorpionsystem.com/catalog/aeroplane/motors_1/s-22_v2/SII-2205-1490KV/,641.7,17903.43,956133,26676110.7,0.009090909,3.031565472E+01,110,3.74867E-08,35.22763385,3.237556660E+04,3.088749032E-05,,,1.954291358E+02,0.03951668,7.429135773E+00,,,,,,,,,,,,,,,,,,,,,,,,,,,,,,,,
Scorpion S-1805-2250KV,2250,45,,,,,0.25,,400,16,18,23,2.98,http://www.scorpionsystem.com/catalog/aeroplane/motors_1/s-18/S_1805_2250/,414,9522,931500,21424500,0.022222222,2.950519248E+01,45,4.66755E-08,33.06445079,2.878446870E+04,3.474095737E-05,,,2.904702833E+02,-0.273824292,-1.095297167E+02,,,,,,,,,,,,,,,,,,,,,,,,,,,,,,,,
Scorpion SII-2208-1100KV (V2),1100,133,,,,,0.41,,170,45,26,27.9,2.98,http://www.scorpionsystem.com/catalog/aeroplane/motors_1/s-22_v2/SII-2208-1100KV/,725.4,20238.66,797940,22262526,0.007518797,3.060160985E+01,133,4.49185E-08,35.94975046,3.366545030E+04,2.970404350E-05,,,1.717626543E+02,0.010368554,1.762654254E+00,,,,,,,,,,,,,,,,,,,,,,,,,,,,,,,,
Scorpion SII-2208-1280KV (V2),1280,155,,,,,0.47,,150,45,26,27.9,2.98,http://www.scorpionsystem.com/catalog/aeroplane/motors_1/s-22_v2/SII-2208-1280KV/,725.4,20238.66,928512,25905484.8,0.006451613,3.087472920E+01,155,3.86019E-08,36.62069496,3.490863730E+04,2.864620556E-05,,,1.526226039E+02,0.017484026,2.622603889E+00,,,,,,,,,,,,,,,,,,,,,,,,,,,,,,,,
Scorpion S-2503-1610KV (F3P Special),1610,72,,,,,0.35,,180,20,20.57,30.1,2.98,http://www.scorpionsystem.com/catalog/aeroplane/motors_1/s-25/S2503_1610/,619.157,18636.6257,996842.77,30004967.38,0.013888889,2.984226363E+01,72,3.33278E-08,33.98581264,3.026642904E+04,3.303990698E-05,,,2.449706306E+02,0.360947948,6.497063059E+01,,,,,,,,,,,,,,,,,,,,,,,,,,,,,,,,
Scorpion S-2503-1960KV (F3P Special),1960,80,,,,,0.44,,135,20,20.57,30.1,2.98,http://www.scorpionsystem.com/catalog/aeroplane/motors_1/s-25/S2503_1960/,619.157,18636.6257,1213547.72,36527786.37,0.0125,2.994202260E+01,80,2.73764E-08,34.25246646,3.070818280E+04,3.256461011E-05,,,2.332808368E+02,0.728006198,9.828083678E+01,,,,,,,,,,,,,,,,,,,,,,,,,,,,,,,,
Scorpion SII-2212-885KV (V2),885,192,,,,,0.41,,151,58,30,27.9,2.98,http://www.scorpionsystem.com/catalog/aeroplane/motors_1/s-22_v2/SII-2212-885KV/,837,23352.3,740745,20666785.5,0.005208333,3.133317776E+01,192,4.83868E-08,37.70763109,3.702014664E+04,2.701231872E-05,,,1.265822759E+02,-0.161706782,-2.441772405E+01,,,,,,,,,,,,,,,,,,,,,,,,,,,,,,,,
Scorpion SII-2212-960KV (V2),960,192,,,,,0.51,,139,58,30,27.9,2.98,http://www.scorpionsystem.com/catalog/aeroplane/motors_1/s-22_v2/SII-2212-960KV/,837,23352.3,803520,22418208,0.005208333,3.133317776E+01,192,4.46066E-08,37.70763109,3.702014664E+04,2.701231872E-05,,,1.265822759E+02,-0.089336144,-1.241772405E+01,,,,,,,,,,,,,,,,,,,,,,,,,,,,,,,,
Scorpion SII-2212-1070KV (V2),1070,222,,,,,0.59,,91,58,30,27.9,2.98,http://www.scorpionsystem.com/catalog/aeroplane/motors_1/s-22_v2/SII-2212-1070KV/,837,23352.3,895590,24986961,0.004504505,3.170407470E+01,222,4.00209E-08,38.55275288,3.875123604E+04,2.580562847E-05,,,1.099277543E+02,0.207997299,1.892775425E+01,,,,,,,,,,,,,,,,,,,,,,,,,,,,,,,,
Scorpion SII-2212-1850KV (V2),1850,326,,,,,1.31,,32,58,30,27.9,2.98,http://www.scorpionsystem.com/catalog/aeroplane/motors_1/s-22_v2/SII-2212-1850KV/,837,23352.3,1548450,43201755,0.003067485,3.298417851E+01,326,2.31472E-08,41.25576579,4.488445924E+04,2.227942626E-05,,,7.247187483E+01,1.264746088,4.047187483E+01,,,,,,,,,,,,,,,,,,,,,,,,,,,,,,,,
Scorpion SII-2212-1400kv (V2),1400,370,,,,,0.73,,91,58,30,27.9,2.98,http://www.scorpionsystem.com/catalog/aeroplane/motors_1/s-22_v2/SII-2212-1400KV/,837,23352.3,1171800,32693220,0.002702703,3.352311037E+01,370,3.05874E-08,42.30384724,4.754101820E+04,2.103446745E-05,,,6.279166750E+01,-0.309981676,-2.820833250E+01,,,,,,,,,,,,,,,,,,,,,,,,,,,,,,,,
Scorpion SII-2215-900KV (V2),900,237,,,,,0.52,,142,68,33,27.9,2.98,http://www.scorpionsystem.com/catalog/aeroplane/motors_1/s-22_v2/SII-2215-900KV/,920.7,25687.53,828630,23118777,0.004219409,3.188924843E+01,237,4.32549E-08,38.96375078,3.962317974E+04,2.523775241E-05,,,1.028045459E+02,-0.276024325,-3.919545409E+01,,,,,,,,,,,,,,,,,,,,,,,,,,,,,,,,
Scorpion SII-2215-1127KV (V2),1127,296,,,,,0.73,,78,68,33,27.9,2.98,http://www.scorpionsystem.com/catalog/aeroplane/motors_1/s-22_v2/SII-2215-1127KV/,920.7,25687.53,1037628.9,28949846.31,0.003378378,3.261582138E+01,296,3.45425E-08,40.51000813,4.309421464E+04,2.320497098E-05,,,8.080133359E+01,0.035914533,2.801333591E+00,,,,,,,,,,,,,,,,,,,,,,,,,,,,,,,,
Scorpion SII-2215-1810KV (V2),1810,370,,,,,1.35,,31,68,33,27.9,2.98,http://www.scorpionsystem.com/catalog/aeroplane/motors_1/s-22_v2/SII-2215-1810KV/,920.7,25687.53,1666467,46494429.3,0.002702703,3.352311037E+01,370,2.1508E-08,42.30384724,4.754101820E+04,2.103446745E-05,,,6.279166750E+01,1.025537661,3.179166750E+01,,,,,,,,,,,,,,,,,,,,,,,,,,,,,,,,
Scorpion SII-2215-1400KV (V2),1400,518,,,,,0.95,,95,68,33,27.9,2.98,http://www.scorpionsystem.com/catalog/aeroplane/motors_1/s-22_v2/SII-2215-1400KV/,920.7,25687.53,1288980,35962542,0.001930502,3.532431525E+01,518,2.78067E-08,45.47665538,5.674610020E+04,1.762235636E-05,,,4.410591328E+01,-0.535727229,-5.089408672E+01,,,,,,,,,,,,,,,,,,,,,,,,,,,,,,,,
Scorpion SII-3008-1090KV (V2),1090,370,,,,,0.79,,58,95,33.75,37.5,4.98,http://www.scorpionsystem.com/catalog/aeroplane/motors_1/s-30_v2/SII-3008-1090KV/,1265.625,47460.9375,1379531.25,51732421.88,0.002702703,3.352311037E+01,370,1.93302E-08,42.30384724,4.754101820E+04,2.103446745E-05,,,6.279166750E+01,0.082614957,4.791667505E+00,,,,,,,,,,,,,,,,,,,,,,,,,,,,,,,,
Scorpion SII-3008-1220KV (V2),1220,425,,,,,0.97,,42,95,33.75,37.5,4.98,http://www.scorpionsystem.com/catalog/aeroplane/motors_1/s-30_v2/SII-3008-1220KV/,1265.625,47460.9375,1544062.5,57902343.75,0.002352941,3.419455896E+01,425,1.72705E-08,43.54291873,5.091333550E+04,1.964121954E-05,,,5.386647254E+01,0.28253506,1.186647254E+01,,,,,,,,,,,,,,,,,,,,,,,,,,,,,,,,
Scorpion SII-3014-830KV (V2),830,550,,,,,1.06,,42,129,39.75,37.5,4.98,http://www.scorpionsystem.com/catalog/aeroplane/motors_1/s-30_v2/SII-3014-830KV/,1490.625,55898.4375,1237218.75,46395703.13,0.001818182,3.571142052E+01,550,2.15537E-08,46.09953494,5.879099300E+04,1.700940823E-05,,,4.180373396E+01,-0.004673001,-1.962660351E-01,,,,,,,,,,,,,,,,,,,,,,,,,,,,,,,,
Scorpion SII-3014-1040KV (V2),1040,600,,,,,1.35,,26,129,39.75,37.5,4.98,http://www.scorpionsystem.com/catalog/aeroplane/motors_1/s-30_v2/SII-3014-1040KV/,1490.625,55898.4375,1550250,58134375,0.001666667,3.631460370E+01,600,1.72015E-08,47.03316414,6.202500600E+04,1.612252968E-05,,,3.895905520E+01,0.4984252,1.295905520E+01,,,,,,,,,,,,,,,,,,,,,,,,,,,,,,,,
Scorpion SII-3014-1220KV (V2),1220,640,,,,,1.64,,18,129,39.75,37.5,4.98,http://www.scorpionsystem.com/catalog/aeroplane/motors_1/s-30_v2/SII-3014-1220KV/,1490.625,55898.4375,1818562.5,68196093.75,0.0015625,3.679568498E+01,640,1.46636E-08,47.74745053,6.464634440E+04,1.546877877E-05,,,3.720312202E+01,1.066840112,1.920312202E+01,,,,,,,,,,,,,,,,,,,,,,,,,,,,,,,,
Scorpion SII-3020-780KV (V2),780,800,,,,,1.21,,30,166,45.75,37.5,4.98,http://www.scorpionsystem.com/catalog/aeroplane/motors_1/s-30_v2/SII-3020-780KV/,1715.625,64335.9375,1338187.5,50182031.25,0.00125,3.870698540E+01,800,1.99275E-08,50.34942686,7.543505800E+04,1.325643575E-05,,,3.310827614E+01,0.103609205,3.108276143E+00,,,,,,,,,,,,,,,,,,,,,,,,,,,,,,,,
Scorpion SII-3020-890KV (V2),890,780,,,,,1.42,,20,166,45.75,37.5,4.98,http://www.scorpionsystem.com/catalog/aeroplane/motors_1/s-30_v2/SII-3020-890KV/,1715.625,64335.9375,1526906.25,57258984.38,0.001282051,3.846921251E+01,780,1.74645E-08,50.04453688,7.405992480E+04,1.350257920E-05,,,3.343881140E+01,0.67194057,1.343881140E+01,,,,,,,,,,,,,,,,,,,,,,,,,,,,,,,,
Scorpion SII-3020-1110KV (V2),1110,840,,,,,2.08,,16,166,45.75,37.5,4.98,http://www.scorpionsystem.com/catalog/aeroplane/motors_1/s-30_v2/SII-3020-1110KV/,1715.625,64335.9375,1904343.75,71412890.63,0.001190476,3.918155434E+01,840,1.40031E-08,50.94344179,7.820807640E+04,1.278640322E-05,,,3.255271470E+01,1.034544669,1.655271470E+01,,,,,,,,,,,,,,,,,,,,,,,,,,,,,,,,
Turbax Conversion Kit w/ HK4035-800,800,4200,,,,,2.5,,10,574,61.5,48.9,4.98,http://www.scorpionsystem.com/catalog/aeroplane/motors_1/turbax_kit/Turbax_Conversion_Kit/,3007.35,147059.415,2405880,117647532,0.000238095,7.439553637E+01,4200,8.49997E-09,75.78395539,4.194411420E+05,2.384124731E-06,,,2.984917737E+01,1.984917737,1.984917737E+01,,,,,,,,,,,,,,,,,,,,,,,,,,,,,,,,
Scorpion SII-3026-710KV (V2),710,1000,,,,,1.56,,22,205,51.75,37.5,4.98,http://www.scorpionsystem.com/catalog/aeroplane/motors_1/s-30_v2/SII-3026-710KV/,1940.625,72773.4375,1377843.75,51669140.63,0.001,4.106680542E+01,1000,1.93539E-08,53.13041174,8.960351000E+04,1.116027709E-05,,,3.129603333E+01,0.42254697,9.296033333E+00,,,,,,,,,,,,,,,,,,,,,,,,,,,,,,,,
Scorpion SII-3026-890KV (V2),890,1025,,,,,1.9,,14,205,51.75,37.5,4.98,http://www.scorpionsystem.com/catalog/aeroplane/motors_1/s-30_v2/SII-3026-890KV/,1940.625,72773.4375,1727156.25,64768359.38,0.00097561,4.135949343E+01,1025,1.54396E-08,53.44760911,9.142789150E+04,1.093758134E-05,,,3.119229018E+01,1.228020727,1.719229018E+01,,,,,,,,,,,,,,,,,,,,,,,,,,,,,,,,
Scorpion SII-3026-1190KV (V2),1190,1050,,,,,3.26,,8,205,51.75,37.5,4.98,http://www.scorpionsystem.com/catalog/aeroplane/motors_1/s-30_v2/SII-3026-1190KV/,1940.625,72773.4375,2309343.75,86600390.63,0.000952381,4.165167266E+01,1050,1.15473E-08,53.75881878,9.326412300E+04,1.072223667E-05,,,3.110518379E+01,2.888147974,2.310518379E+01,,,,,,,,,,,,,,,,,,,,,,,,,,,,,,,,
Scorpion SII-4020-420KV,420,1500,,,,,0.91,,32,288,46.15,48.9,5.98,http://www.scorpionsystem.com/catalog/aeroplane/motors_1/sii-40/SII_4020-420/,2256.735,110354.3415,947828.7,46348823.43,0.000666667,4.682389808E+01,1500,2.15755E-08,58.53772458,1.283426400E+05,7.791642746E-06,,,3.082045764E+01,-0.036860699,-1.179542356E+00,,,,,,,,,,,,,,,,,,,,,,,,,,,,,,,,
Scorpion SII-4020-540KV,540,1850,,,,,1.22,,20,288,46.15,48.9,5.98,http://www.scorpionsystem.com/catalog/aeroplane/motors_1/sii-40/SII_4020-540/,2256.735,110354.3415,1218636.9,59591344.41,0.000540541,5.073277417E+01,1850,1.6781E-08,61.49640493,1.582803310E+05,6.317904402E-06,,,3.093423966E+01,0.546711983,1.093423966E+01,,,,,,,,,,,,,,,,,,,,,,,,,,,,,,,,
Scorpion SII-4020-630KV,630,1500,,,,,1.54,,15,288,46.15,48.9,5.98,http://www.scorpionsystem.com/catalog/aeroplane/motors_1/sii-40/SII_4020-630/,2256.735,110354.3415,1421743.05,69523235.15,0.000666667,4.682389808E+01,1500,1.43837E-08,58.53772458,1.283426400E+05,7.791642746E-06,,,3.082045764E+01,1.054697176,1.582045764E+01,,,,,,,,,,,,,,,,,,,,,,,,,,,,,,,,
Scorpion SII-4025-330KV,330,2000,,,,,0.74,,37,353,54.1,48.9,5.98,http://www.scorpionsystem.com/catalog/aeroplane/motors_1/sii-40/SII-4025-330/,2645.49,129364.461,873011.7,42690272.13,0.0005,5.237748020E+01,2000,2.34245E-08,62.63094807,1.718217700E+05,5.819984278E-06,,,3.095101469E+01,-0.163486089,-6.048985310E+00,,,,,,,,,,,,,,,,,,,,,,,,,,,,,,,,
Scorpion SII-4025-440KV,440,2000,,,,,1.1,,25,353,54.1,48.9,5.98,http://www.scorpionsystem.com/catalog/aeroplane/motors_1/sii-40/SII-4025-440/,2645.49,129364.461,1164015.6,56920362.84,0.0005,5.237748020E+01,2000,1.75684E-08,62.63094807,1.718217700E+05,5.819984278E-06,,,3.095101469E+01,0.238040588,5.951014690E+00,,,,,,,,,,,,,,,,,,,,,,,,,,,,,,,,
Scorpion SII-4025-520KV,520,2000,,,,,1.4,,16,353,54.1,48.9,5.98,http://www.scorpionsystem.com/catalog/aeroplane/motors_1/sii-40/SII-4025-520/,2645.49,129364.461,1375654.8,67269519.72,0.0005,5.237748020E+01,2000,1.48656E-08,62.63094807,1.718217700E+05,5.819984278E-06,,,3.095101469E+01,0.934438418,1.495101469E+01,,,,,,,,,,,,,,,,,,,,,,,,,,,,,,,,
Scorpion SII-3032-690KV (V2),690,1025,,,,,2.71,,22,275,62.5,37.5,4.98,http://www.scorpionsystem.com/catalog/aeroplane/motors_1/s-30_v2/SII-3032-690KV/,2343.75,87890.625,1617187.5,60644531.25,0.00097561,4.135949343E+01,1025,1.64895E-08,53.44760911,9.142789150E+04,1.093758134E-05,,,3.119229018E+01,0.417831372,9.192290176E+00,,,,,,,,,,,,,,,,,,,,,,,,,,,,,,,,
Scorpion SII-3032-880KV (V2),880,1050,,,,,3.12,,12,275,62.5,37.5,4.98,http://www.scorpionsystem.com/catalog/aeroplane/motors_1/s-30_v2/SII-3032-880KV/,2343.75,87890.625,2062500,77343750,0.000952381,4.165167266E+01,1050,1.29293E-08,53.75881878,9.326412300E+04,1.072223667E-05,,,3.110518379E+01,1.592098649,1.910518379E+01,,,,,,,,,,,,,,,,,,,,,,,,,,,,,,,,
Scorpion SII-4035-250KV,250,2700,,,,,0.69,,37,450,64.9,48.8,7.98,http://www.scorpionsystem.com/catalog/aeroplane/motors_1/sii-40/SII-4035-250/,3167.12,154555.456,791780,38638864,0.00037037,5.981059747E+01,2700,2.58807E-08,67.27287137,2.406557520E+05,4.155313105E-06,,,3.076298852E+01,-0.168567878,-6.237011481E+00,,,,,,,,,,,,,,,,,,,,,,,,,,,,,,,,
Scorpion SII-4035-330KV,330,2400,,,,,1.41,,31,435,64.9,48.8,7.98,http://www.scorpionsystem.com/catalog/aeroplane/motors_1/sii-40/SII-4035-330/,3167.12,154555.456,1045149.6,51003300.48,0.000416667,5.667381831E+01,2400,1.96066E-08,65.38698474,2.100178740E+05,4.761499490E-06,,,3.088752702E+01,-0.003628161,-1.124729811E-01,,,,,,,,,,,,,,,,,,,,,,,,,,,,,,,,
Scorpion SII-4035-380KV,380,2600,,,,,1.52,,25,435,64.9,48.8,7.98,http://www.scorpionsystem.com/catalog/aeroplane/motors_1/sii-40/SII-4035-380/,3167.12,154555.456,1203505.6,58731073.28,0.000384615,5.877314484E+01,2600,1.70268E-08,66.65740928,2.302535260E+05,4.343038812E-06,,,3.080987986E+01,0.232395194,5.809879855E+00,,,,,,,,,,,,,,,,,,,,,,,,,,,,,,,,
Scorpion SII-4035-450KV,450,2960,,,,,1.71,,26,435,64.9,48.8,7.98,http://www.scorpionsystem.com/catalog/aeroplane/motors_1/sii-40/SII-4035-450/,3167.12,154555.456,1425204,69549955.2,0.000337838,6.246987714E+01,2960,1.43782E-08,68.82507678,2.685888676E+05,3.723162501E-06,,,3.062315978E+01,0.177813838,4.623159784E+00,,,,,,,,,,,,,,,,,,,,,,,,,,,,,,,,
Scorpion SII-5525-170KV,170,2450,,,,,0.78,,42,708,59.82,66.4,8,http://www.scorpionsystem.com/catalog/aeroplane/motors_1/sii-55/S-5525-170KV/,3972.048,263743.9872,675248.16,44836477.82,0.000408163,5.720170260E+01,2450,2.23033E-08,65.71008605,2.150056870E+05,4.651039765E-06,,,3.087042359E+01,-0.264989914,-1.112957641E+01,,,,,,,,,,,,,,,,,,,,,,,,,,,,,,,,
Scorpion SII-5525-210KV,210,3150,,,,,1.11,,26,708,59.82,66.4,8,http://www.scorpionsystem.com/catalog/aeroplane/motors_1/sii-55/S-5525-210KV/,3972.048,263743.9872,834130.08,55386237.31,0.00031746,6.437839660E+01,3150,1.8055E-08,69.92559257,2.898120690E+05,3.450511925E-06,,,3.050991076E+01,0.173458106,4.509910764E+00,,,,,,,,,,,,,,,,,,,,,,,,,,,,,,,,
Scorpion SII-5525-195KV,195,2800,,,,,0.88,,34,708,59.82,66.4,8,http://www.scorpionsystem.com/catalog/aeroplane/motors_1/sii-55/S-5525-195KV/,3972.048,263743.9872,774549.36,51430077.5,0.000357143,6.083990968E+01,2800,1.94439E-08,67.87733185,2.512475780E+05,3.980137870E-06,,,3.071187127E+01,-0.096709668,-3.288128728E+00,,,,,,,,,,,,,,,,,,,,,,,,,,,,,,,,
Scorpion S-5028-220KV (F3A Limited Series),220,2590,,,,,0.98,,32,576,60,59.8,8,http://www.scorpionsystem.com/catalog/aeroplane/motors_1/s-50/s_5028_220/,3588,214562.4,789360,47203728,0.0003861,5.866895185E+01,2590,2.11848E-08,66.5951987,2.292237314E+05,4.362550046E-06,,,3.081430476E+01,-0.037052976,-1.185695241E+00,,,,,,,,,,,,,,,,,,,,,,,,,,,,,,,,
Scorpion SII-5535-160KV,160,3750,,,,,1.11,,27,906,69.52,66.4,8,http://www.scorpionsystem.com/catalog/aeroplane/motors_1/sii-55/S-5535-160KV/,4616.128,306510.8992,738580.48,49041743.87,0.000266667,7.021237216E+01,3750,2.03908E-08,73.29463585,3.613262250E+05,2.767582121E-06,,,3.012985743E+01,0.115920646,3.129857430E+00,,,,,,,,,,,,,,,,,,,,,,,,,,,,,,,,
Scorpion SII-5535-190KV,190,3900,,,,,1.24,,22,906,69.52,66.4,7.98,http://www.scorpionsystem.com/catalog/aeroplane/motors_1/sii-55/S-5535-190KV/,4616.128,306510.8992,877064.32,58237070.85,0.00025641,7.162507618E+01,3900,1.71712E-08,74.12476244,3.802712640E+05,2.629701728E-06,,,3.003485393E+01,0.365220633,8.034853927E+00,,,,,,,,,,,,,,,,,,,,,,,,,,,,,,,,
Scorpion SII-6530-180KV,180,4884,,,,,1.26,,22,1043,70.4,76.6,8,http://www.scorpionsystem.com/catalog/aeroplane/motors_1/sii-65/SII-6530-180KV/,5392.64,413076.224,970675.2,74353720.32,0.00020475,8.043823764E+01,4884,1.34492E-08,79.61427332,5.151290347E+05,1.941261184E-06,,,2.945785235E+01,0.338993289,7.457852350E+00,,,,,,,,,,,,,,,,,,,,,,,,,,,,,,,,
Scorpion SII-6530-150KV,150,4220,,,,,1.15,,32,1043,70.4,76.6,8,http://www.scorpionsystem.com/catalog/aeroplane/motors_1/sii-65/SII-6530-150KV/,5392.64,413076.224,808896,61961433.6,0.000236967,7.457762878E+01,4220,1.61391E-08,75.89474905,4.221131392E+05,2.369033103E-06,,,2.983705921E+01,-0.0675919,-2.162940787E+00,,,,,,,,,,,,,,,,,,,,,,,,,,,,,,,,
